aircraft_profile,origin,destination,distance_nm,payload_kg,taxi_minutes,wind_component_knots,temperature_c,planned_burn_kg,actual_burn_kg,flight_date
generic_business_jet,EGPH,EGPF,513.55,1704.98,20.26,3.73,1.85,3642.56,3626.91,2026-04-19
generic_transport_aircraft,EDDF,LEBL,1246.5,10192.8,23.07,-26.68,-3.72,18397.31,17798.08,2025-05-18
generic_heavy_transport,EGSS,EGNX,1040.4,33716.57,10.68,-5.06,30.39,45489.59,44623.36,2026-01-17
generic_business_jet,LFPG,EHAM,1070.95,1646.73,14.79,-27.45,34.9,7547.13,7366.93,2025-02-16
generic_heavy_transport,LEBL,EGTK,313.24,11399.28,20.97,2.71,10.39,14013.69,13300.17,2025-10-11
generic_transport_aircraft,LLBG,EGTK,246.04,10675.07,22.52,16.49,8.61,3749.75,3618.44,2025-03-22
generic_heavy_transport,EGNM,EGTK,1582.12,15535.56,17.01,-30.71,31.51,68671.95,70856.41,2025-11-08
generic_business_jet,EGGW,EGLL,328.52,1730.25,26.29,28.48,18.96,2396.94,2316.27,2025-02-27
generic_business_jet,EGPH,LLBG,146.66,1617.01,26.83,-38.15,14.44,1216.17,1318.75,2025-03-07
generic_heavy_transport,EDDF,EGNM,334.8,26106.95,19.35,32.15,32.16,14933.76,15518.89,2025-12-20
generic_business_jet,EGGW,LEBL,1791.49,1274.82,15.64,-3.59,-0.16,12352.43,12450.14,2025-04-28
generic_light_aircraft,EHAM,EGGW,1287.26,123.55,7.48,-42.49,8.22,1737.75,1823.48,2025-05-23
generic_business_jet,EDDF,EGNM,277.21,1703.27,18.56,-7.19,26.38,2042.35,2068.16,2025-08-09
generic_business_jet,EGPH,EGNM,1561.03,381.26,20.38,6.69,-2.58,10728.27,10369.51,2026-02-14
generic_business_jet,LLBG,EGSS,378.82,972.92,15.28,-22.72,4.99,2725.56,2869.28,2025-10-09
generic_transport_aircraft,EGSS,EGTK,993.73,669.72,8.05,15.29,4.46,14114.35,13724.87,2025-09-04
generic_heavy_transport,EGGW,EGNM,333.94,5086.22,14.59,29.12,26.41,14473.55,14203.47,2026-02-06
generic_transport_aircraft,LFPG,LEMD,316.67,3912.14,27.31,1.33,16.69,4794.64,5191.97,2025-01-30
generic_transport_aircraft,EGTK,EDDF,1658.52,6607.95,7.25,-4.37,29.05,23908.48,24356.8,2025-07-26
generic_business_jet,EGSS,EDDF,1088.38,1229.07,15.22,1.69,15.91,7522.68,7587.47,2025-04-15
generic_business_jet,EDDF,LEBL,511.15,496.32,20.2,-8.42,32.16,3655.79,3681.09,2025-10-16
generic_transport_aircraft,EGSS,EGLL,932.83,2023.25,13.68,-39.5,4.77,13643.63,13603.29,2025-08-13
generic_transport_aircraft,LLBG,LFPG,1118.49,11853.18,20.39,-44.37,27.68,16672.85,16259.71,2025-03-10
generic_heavy_transport,EGNX,EGSS,1347.94,11217.92,12.2,-28.15,8.72,58146.3,62640.3,2026-03-13
generic_transport_aircraft,EGNX,EHAM,1633.87,10230.19,8.03,-11.11,6.07,23741.16,25982.99,2025-05-15
generic_business_jet,EGLL,LEBL,1283.45,1141.36,8.46,30.6,22.64,8657.86,8676.08,2025-01-19
generic_transport_aircraft,LLBG,EGPH,304.9,1965.62,12.78,26.92,26.84,4430.28,4764.58,2025-05-08
generic_business_jet,EDDF,EGSS,1027.6,1612.07,27.42,14.96,32.03,7160.44,6513.14,2025-03-25
generic_light_aircraft,LEBL,LLBG,768.58,171.74,26.34,17.59,11.47,1017.76,973.76,2025-03-23
generic_light_aircraft,LEBL,LEMD,1575.65,443.44,10.89,20.33,13.41,2032.19,1872.6,2026-02-12
generic_business_jet,LLBG,EGGW,1203.36,897.7,12.13,-39.45,25.93,8483.91,8153.35,2026-03-08
generic_heavy_transport,LFPG,EGPH,247.42,43816.02,9.93,32.0,5.62,11040.45,11623.64,2025-08-11
generic_transport_aircraft,EGPH,LEBL,810.87,11818.71,8.54,26.96,2.6,11669.9,12330.34,2026-02-17
generic_transport_aircraft,LFPG,LEMD,1347.12,8212.23,14.01,-39.4,21.57,19825.32,20146.6,2025-06-10
generic_transport_aircraft,EDDF,EGSS,572.07,4056.77,14.98,-12.81,6.83,8365.88,8700.79,2025-12-13
generic_transport_aircraft,LEMD,EGLL,573.17,6801.28,6.01,-22.05,12.2,8356.74,8701.05,2025-12-02
generic_business_jet,EGPH,LFPG,1230.73,1066.76,23.46,31.79,24.44,8407.31,8202.58,2025-11-14
generic_transport_aircraft,EGPH,EGSS,1363.25,8237.15,10.94,-29.07,-4.02,19941.12,19188.01,2025-09-01
generic_light_aircraft,EHAM,LLBG,772.34,351.91,10.28,10.71,14.78,1009.2,1173.73,2026-02-03
generic_light_aircraft,EGPF,EGGW,1726.23,307.18,7.1,-25.06,28.93,2309.16,2494.58,2026-02-15
generic_transport_aircraft,EGNM,LEMD,1025.91,4148.93,22.62,-9.59,27.6,14952.65,15628.08,2025-08-17
generic_heavy_transport,EGLL,LEBL,834.87,35071.07,24.48,-22.82,26.11,37309.52,35950.98,2025-05-03
generic_light_aircraft,EGNX,LFPG,546.45,208.69,13.03,-1.79,0.53,727.46,734.69,2025-02-02
generic_business_jet,EGPF,EGNM,862.7,393.4,24.32,-13.84,25.79,6102.62,6615.55,2025-01-11
generic_transport_aircraft,LLBG,LEBL,882.1,11341.53,12.57,-13.8,30.67,12947.17,13401.27,2026-02-14
generic_transport_aircraft,EHAM,EGGW,524.0,6084.88,14.55,8.51,26.93,7636.11,7187.95,2026-03-07
generic_heavy_transport,EGNM,EGLL,982.39,41277.15,19.02,8.04,-1.64,43356.34,39041.44,2025-05-14
generic_business_jet,EGPF,EGPH,618.61,1441.84,14.34,15.16,28.28,4295.43,4501.16,2025-02-11
generic_transport_aircraft,EGNM,EGTK,136.41,11447.08,10.93,-39.51,33.29,2126.12,2154.54,2026-03-06
generic_light_aircraft,EGTK,EDDF,266.52,367.78,18.41,-27.56,22.98,382.68,384.01,2025-03-27
generic_heavy_transport,EHAM,EDDF,1305.72,36111.68,9.6,-20.12,18.15,57338.23,61062.77,2025-07-12
generic_light_aircraft,EGPF,LEBL,1084.13,432.23,11.34,10.78,7.06,1413.17,1369.19,2026-02-17
generic_heavy_transport,EGSS,LLBG,1418.53,18888.15,15.42,-15.35,15.24,61441.17,57873.91,2025-02-24
generic_transport_aircraft,EGPF,EGPH,1499.38,8634.05,15.58,13.7,33.62,21610.5,23554.19,2026-02-18
generic_transport_aircraft,LFPG,LLBG,809.43,8906.8,11.9,23.14,28.23,11662.61,12796.12,2025-08-26
generic_transport_aircraft,EHAM,EDDF,635.38,6184.52,13.15,-6.0,9.19,9259.22,9804.2,2025-05-24
generic_heavy_transport,EHAM,LEBL,1020.41,25665.09,10.2,-25.69,11.26,44576.68,42867.03,2025-12-31
generic_transport_aircraft,EGNM,LFPG,208.31,3048.36,21.22,-20.5,18.26,3211.75,3167.25,2025-09-29
generic_heavy_transport,EGPH,EGNM,1010.93,19072.42,15.98,-20.47,4.22,44040.91,43662.4,2026-01-26
generic_light_aircraft,LEMD,EGLL,1341.25,210.6,18.97,15.82,18.87,1749.4,1666.98,2026-03-03
generic_business_jet,EGGW,EGPH,359.92,321.22,17.75,-23.06,33.97,2625.25,2414.42,2026-03-21
generic_light_aircraft,LEBL,EGNM,66.53,213.74,16.53,-17.74,33.62,122.45,119.03,2026-03-18
generic_transport_aircraft,EGNM,EGSS,748.24,1351.94,19.85,-40.71,0.97,11027.52,10551.05,2025-03-02
generic_business_jet,LFPG,LLBG,1091.2,1227.63,23.07,-14.57,31.34,7681.67,7543.36,2025-10-29
generic_transport_aircraft,EGPF,EGNX,150.7,11541.25,8.18,16.02,20.02,2247.89,2243.21,2025-10-10
generic_light_aircraft,EGSS,EGGW,835.63,337.52,12.41,-26.48,23.28,1131.09,1156.59,2025-08-21
generic_business_jet,EGSS,LEMD,509.29,1486.87,18.98,19.31,2.91,3571.08,3676.35,2025-05-17
generic_light_aircraft,LLBG,EGLL,336.19,223.04,22.48,0.54,6.54,464.14,476.17,2025-12-19
generic_business_jet,EGNX,LEBL,522.79,1109.97,15.63,2.84,30.58,3682.17,4244.58,2025-12-12
generic_transport_aircraft,LLBG,EHAM,81.41,9294.74,24.07,1.1,25.52,1420.48,1314.68,2025-09-23
generic_heavy_transport,EDDF,EGNM,363.51,28413.19,19.97,-5.66,-1.35,16387.65,15919.04,2026-03-16
generic_business_jet,EGLL,EGPF,914.55,1293.88,14.81,15.84,-3.53,6284.18,6538.29,2025-05-10
generic_heavy_transport,EGPH,EGSS,754.33,25583.85,27.74,7.61,16.7,33306.91,32297.23,2026-01-23
generic_business_jet,EGNM,LEMD,135.58,700.58,8.88,-21.96,30.23,1011.31,1029.9,2025-01-15
generic_transport_aircraft,EDDF,EHAM,1290.67,4073.63,6.3,-12.36,3.99,18596.64,18869.34,2025-11-28
generic_transport_aircraft,LLBG,EGLL,1302.64,6352.03,12.02,21.78,34.21,18636.54,18214.2,2025-10-10
generic_light_aircraft,EGLL,EGNM,1096.91,398.52,9.0,-39.42,25.91,1490.49,1536.07,2025-05-17
generic_business_jet,LLBG,EGTK,568.97,1180.41,27.98,-5.83,0.94,4093.06,3930.48,2025-06-26
generic_transport_aircraft,EGPH,EHAM,707.0,11227.8,25.13,33.46,4.55,10315.52,9487.14,2025-06-12
generic_transport_aircraft,LEMD,EGNM,1469.02,4939.91,20.6,20.66,34.23,21051.81,22580.98,2025-01-19
generic_heavy_transport,EGLL,EHAM,627.65,9014.58,24.59,-37.02,31.42,27775.47,28623.9,2025-03-21
generic_transport_aircraft,EGSS,LFPG,510.11,7667.48,14.74,-38.57,8.14,7591.28,7613.71,2025-10-01
generic_transport_aircraft,EGPF,EGPH,1602.45,6111.4,17.9,4.4,4.39,23097.27,22678.35,2025-02-16
generic_transport_aircraft,EGPF,EGSS,1280.33,1655.83,9.66,-21.04,-3.84,18483.43,17716.69,2025-01-29
generic_business_jet,EGNX,EGPF,300.47,1096.75,18.45,18.4,1.8,2158.57,2369.8,2025-05-04
generic_light_aircraft,EGNM,EDDF,854.32,201.59,11.62,-44.25,27.19,1172.79,1234.92,2025-12-13
generic_light_aircraft,LFPG,EGLL,1703.89,495.06,12.58,31.96,22.61,2185.16,2086.94,2026-03-13
generic_business_jet,EGNM,EGSS,1048.72,1162.22,27.84,-21.38,34.12,7453.82,7546.97,2025-05-21
generic_heavy_transport,EGTK,EDDF,1410.94,43944.11,26.03,14.61,28.31,62248.6,67101.32,2026-02-15
generic_transport_aircraft,EGPH,EGGW,1134.66,8294.29,21.86,7.73,28.53,16486.64,15588.59,2026-04-08
generic_light_aircraft,EDDF,LEMD,1429.01,113.35,14.03,-34.49,31.39,1937.59,1886.39,2026-02-07
generic_transport_aircraft,LFPG,EGPH,1648.17,10050.44,11.65,20.98,14.27,23660.98,24855.95,2026-01-18
generic_transport_aircraft,LLBG,EGPH,866.92,1365.94,22.59,-26.95,22.05,12706.9,12385.21,2025-10-13
generic_transport_aircraft,EGPH,EGSS,69.43,6670.58,16.01,8.83,21.89,1157.48,1100.5,2026-02-26
generic_light_aircraft,EDDF,EGPH,455.36,110.01,25.45,-0.09,31.61,636.04,638.3,2026-04-11
generic_transport_aircraft,LEMD,EGNX,249.77,1021.49,6.82,34.67,-0.36,3568.26,3638.04,2025-10-03
generic_transport_aircraft,EGLL,EGNM,1221.7,9046.11,26.81,-11.47,24.69,17940.22,18516.95,2025-09-08
generic_heavy_transport,EHAM,EGPF,535.94,32611.23,10.78,-9.42,4.44,23621.81,24732.04,2025-12-18
generic_heavy_transport,EGPH,EHAM,1176.67,7422.0,12.07,32.46,32.96,49654.18,50192.44,2025-11-24
generic_light_aircraft,EHAM,EGTK,630.31,495.53,23.31,-28.58,28.19,877.2,858.3,2025-10-28
generic_business_jet,EGGW,EGNX,303.96,1650.8,6.06,23.67,0.79,2088.8,2148.55,2025-12-05
generic_light_aircraft,LLBG,EGTK,673.72,415.37,18.95,-43.74,5.61,929.16,957.46,2025-08-04
generic_transport_aircraft,LFPG,EGSS,880.81,9447.2,17.29,-36.28,15.15,13047.02,13248.25,2026-03-20
generic_business_jet,EDDF,LFPG,1174.06,346.73,27.97,22.78,12.05,8083.7,8039.18,2025-12-31
generic_heavy_transport,EGNM,EGSS,610.31,10933.35,8.78,4.95,18.41,26154.07,25822.23,2025-05-31
generic_transport_aircraft,EGNM,EHAM,219.06,8570.46,24.76,7.07,25.76,3396.98,3219.16,2025-04-21
generic_heavy_transport,EGPF,LFPG,771.24,38096.77,14.77,13.37,7.5,33881.38,33334.15,2025-12-18
generic_light_aircraft,EGNM,EGSS,194.81,272.75,22.38,-15.19,0.2,283.29,294.33,2025-10-15
generic_transport_aircraft,LFPG,EGPH,765.97,10546.48,26.7,-11.17,31.63,11378.07,11866.78,2025-02-23
generic_business_jet,EHAM,LFPG,1197.57,636.37,8.38,22.63,9.7,8106.1,8222.73,2025-10-21
generic_business_jet,EGGW,LLBG,1029.49,1451.15,19.68,9.0,17.27,7127.92,6683.23,2025-01-15
generic_transport_aircraft,EGLL,EGPH,587.27,4407.98,6.13,24.59,17.65,8370.39,7943.91,2025-03-14
generic_heavy_transport,LEMD,EDDF,206.03,26219.31,14.28,-8.71,1.3,9383.53,9210.91,2025-11-02
generic_light_aircraft,EGSS,EGTK,1369.03,119.9,7.79,-9.55,11.96,1802.83,1884.14,2025-08-01
generic_transport_aircraft,EGNX,EGGW,244.75,5444.01,12.23,9.28,14.47,3612.12,3581.98,2025-11-03
generic_business_jet,EGTK,EGSS,1704.04,1451.02,22.81,-21.84,-0.2,11935.25,11761.63,2025-08-09
generic_business_jet,EGLL,EGGW,1279.94,1050.39,24.33,19.5,-2.12,8797.82,10297.37,2026-03-18
generic_business_jet,EGPH,EDDF,754.76,1260.21,12.37,-12.6,33.65,5287.71,5222.43,2025-11-13
generic_heavy_transport,EGNM,LEBL,199.67,38779.37,11.35,2.11,15.96,9072.51,8731.4,2025-06-20
generic_light_aircraft,LEBL,EGLL,1156.31,312.24,10.27,17.1,9.04,1497.19,1540.43,2025-11-27
generic_business_jet,LLBG,EGLL,302.01,595.91,19.25,15.82,21.22,2180.67,2271.93,2026-01-22
generic_transport_aircraft,EHAM,LLBG,1240.39,10643.55,20.15,33.92,7.93,17839.77,19355.16,2025-06-11
generic_light_aircraft,EGLL,LFPG,821.08,221.13,12.04,-40.51,15.29,1116.07,1091.13,2026-03-02
generic_transport_aircraft,EGNX,EGSS,1760.28,1538.41,19.07,-14.24,18.21,25396.55,26819.35,2026-01-14
generic_heavy_transport,EGTK,LFPG,1048.26,12529.58,19.31,-4.89,33.31,45288.19,40959.61,2026-01-01
generic_transport_aircraft,EGSS,EHAM,113.69,8637.65,27.8,-3.07,19.39,1918.71,1977.63,2026-04-15
generic_business_jet,EGNX,EGNM,638.83,1196.83,23.36,6.78,-2.36,4505.65,4815.02,2026-01-06
generic_heavy_transport,LLBG,EDDF,1102.74,11014.93,7.79,8.09,31.67,46937.86,49113.52,2025-12-02
generic_business_jet,LEMD,EDDF,1089.3,1707.0,12.81,-14.87,26.67,7599.6,7840.29,2026-01-14
generic_light_aircraft,EDDF,LFPG,1221.65,303.4,6.4,-20.29,33.05,1636.53,1512.91,2026-01-28
generic_business_jet,EGNM,EGGW,286.43,415.75,24.58,-36.91,25.83,2177.28,2020.85,2026-03-25
generic_light_aircraft,LEBL,EHAM,706.14,164.9,24.29,16.69,27.36,945.71,852.88,2025-08-13
generic_business_jet,EGTK,EGNM,1307.87,1754.38,19.43,15.19,26.35,8995.19,9031.89,2026-02-06
generic_business_jet,EGNM,EGGW,1707.21,1776.66,16.16,-22.46,10.27,11921.21,12403.55,2025-03-24
generic_transport_aircraft,LLBG,EGGW,287.89,3375.04,20.11,24.93,17.18,4268.18,4631.08,2025-05-26
generic_light_aircraft,EGSS,LLBG,833.56,305.34,24.28,-37.66,31.42,1158.31,1232.34,2026-03-29
generic_business_jet,EGPH,EGTK,740.78,860.94,14.5,-38.47,3.98,5264.57,5209.25,2025-06-21
generic_light_aircraft,LEBL,EGLL,548.47,431.9,21.31,-33.9,23.22,764.71,782.16,2025-01-03
generic_business_jet,EGSS,EGTK,1510.36,1123.21,22.0,-2.78,-0.55,10469.38,8992.77,2025-11-24
generic_transport_aircraft,LEBL,EHAM,239.56,10909.19,19.13,-43.69,15.62,3711.13,3879.0,2025-03-15
generic_light_aircraft,EGNX,EGNM,664.19,328.27,10.12,8.46,15.94,871.6,795.58,2026-02-07
generic_light_aircraft,LFPG,EHAM,1577.7,117.41,14.51,-15.14,24.89,2100.95,2320.74,2025-02-04
generic_transport_aircraft,EGPH,EGGW,1147.59,9372.27,22.17,-18.4,-3.23,16870.08,15240.19,2026-02-03
generic_heavy_transport,EDDF,EGNM,884.82,12291.12,8.97,12.28,32.74,37751.67,42707.04,2025-01-23
generic_heavy_transport,LEBL,EGGW,598.87,17403.04,14.76,20.23,13.94,25895.61,27896.53,2026-03-18
generic_heavy_transport,LEBL,EGTK,627.53,9979.0,14.1,26.16,24.73,26865.47,27351.73,2025-07-17
generic_transport_aircraft,EGPH,EGLL,918.15,11129.57,17.42,19.09,24.08,13328.7,14204.47,2025-10-07
generic_light_aircraft,EGNX,EGPF,620.5,218.26,15.81,12.41,1.67,818.46,847.55,2025-08-17
generic_heavy_transport,EGTK,LEBL,663.74,44926.02,12.04,33.4,32.92,29135.63,31169.44,2026-02-15
generic_light_aircraft,LEMD,EDDF,99.65,439.47,20.92,-9.95,0.05,155.82,161.36,2025-11-27
generic_business_jet,EGPH,EGPF,1040.51,1207.64,20.94,30.91,9.88,7115.22,7157.2,2025-07-23
generic_business_jet,EGPH,LEMD,1730.71,338.87,10.09,-3.58,31.54,11887.75,11036.58,2026-02-01
generic_business_jet,EGNX,LEBL,1793.62,728.37,26.16,-5.7,-0.09,12444.2,12896.19,2025-08-16
generic_transport_aircraft,EGSS,LLBG,1528.89,4175.26,13.64,-39.8,16.69,22347.21,21270.78,2026-03-12
generic_transport_aircraft,EGLL,LEBL,1273.88,2502.05,13.95,-27.06,34.41,18517.98,18713.56,2025-07-04
generic_business_jet,LFPG,EDDF,1455.43,1127.47,19.46,-38.1,7.37,10281.83,9880.59,2026-01-04
generic_business_jet,EGNM,EHAM,763.56,1162.35,8.76,-19.64,-2.03,5327.63,4982.06,2026-03-01
generic_transport_aircraft,LEBL,LFPG,364.35,11612.04,15.52,27.86,-2.78,5356.83,5432.59,2025-03-20
generic_light_aircraft,EGNX,EGLL,1685.46,190.19,26.84,-3.49,6.36,2230.48,2301.83,2025-05-21
generic_business_jet,EGLL,LEMD,981.25,1053.86,9.71,30.33,1.17,6637.88,6752.63,2026-01-04
generic_transport_aircraft,EHAM,EGPH,1034.15,9990.22,6.62,-41.36,20.66,15229.31,14152.43,2025-08-02
generic_light_aircraft,EHAM,LEMD,1605.19,318.23,20.12,-20.83,4.8,2146.38,2066.9,2025-07-27
generic_light_aircraft,EGNX,LFPG,150.15,275.84,16.65,-28.68,19.27,223.06,215.58,2026-03-17
generic_light_aircraft,EGPH,EGNM,695.3,324.66,13.02,-7.68,5.7,925.76,1000.63,2025-02-19
generic_heavy_transport,EGTK,EGPH,1561.61,21725.39,27.18,27.18,27.54,67243.7,72649.52,2025-03-23
generic_transport_aircraft,EGNM,EHAM,1587.78,6219.76,7.98,-13.54,13.29,22962.64,22146.55,2025-10-26
generic_light_aircraft,EGPH,EGTK,913.54,452.94,20.39,-7.35,16.47,1221.62,1262.52,2026-01-08
generic_business_jet,EGPH,LLBG,124.4,376.74,18.36,-16.0,6.54,986.73,939.52,2025-08-19
generic_business_jet,LEBL,LFPG,1780.85,1320.6,8.61,33.01,10.76,11969.63,12136.42,2026-01-22
generic_transport_aircraft,EGLL,EGNX,749.43,962.93,6.86,12.09,27.16,10681.06,10167.55,2025-03-18
generic_light_aircraft,EHAM,LFPG,1679.55,227.41,14.65,4.32,28.7,2206.23,2086.17,2025-09-08
generic_business_jet,LEMD,EHAM,1476.64,852.54,20.82,33.39,18.35,10014.15,9650.14,2026-01-07
generic_transport_aircraft,LLBG,LEMD,1092.58,3553.6,20.42,32.76,18.14,15588.07,15627.22,2025-09-26
generic_transport_aircraft,EDDF,LEBL,1521.25,2199.42,20.98,-42.47,32.93,22283.78,22677.8,2025-01-10
generic_business_jet,EGNM,EGPH,769.74,605.84,17.04,3.92,13.86,5351.42,5626.42,2025-09-23
generic_business_jet,EGGW,EHAM,1207.21,1088.22,12.9,-31.15,31.48,8483.89,7870.77,2025-07-01
generic_heavy_transport,EDDF,LLBG,1239.71,37146.1,11.82,-6.27,33.29,54354.63,53898.38,2025-06-02
generic_transport_aircraft,LEBL,EGNX,1256.37,6123.54,16.56,-0.16,32.38,18182.7,19010.86,2025-05-28
generic_transport_aircraft,EGSS,EDDF,711.36,11771.85,24.0,31.37,27.18,10393.12,10274.74,2025-06-27
generic_business_jet,EGNM,LEMD,885.78,603.1,17.85,29.64,22.85,6060.57,6326.29,2025-11-12
generic_business_jet,LEMD,EHAM,134.09,1657.78,10.96,-26.37,-0.99,1008.04,977.73,2025-03-12
generic_heavy_transport,EGTK,EHAM,322.19,31115.71,25.37,-6.94,21.02,14837.03,15644.88,2025-05-28
generic_transport_aircraft,EGPH,EGNX,1638.43,1528.8,18.63,-2.19,23.92,23533.25,26171.55,2026-03-28
generic_heavy_transport,LLBG,EGLL,108.78,38448.13,23.34,-30.1,24.96,5598.06,5334.26,2025-05-29
generic_business_jet,EGTK,EGSS,1102.88,1692.68,13.37,-8.65,20.65,7664.71,6790.63,2025-09-16
generic_light_aircraft,EGNM,EGNX,242.7,165.0,16.1,-24.42,2.45,340.91,334.92,2026-02-09
generic_transport_aircraft,EGNX,EDDF,384.0,7525.98,20.05,-12.56,12.11,5742.92,5592.57,2025-03-13
generic_heavy_transport,EGNM,EGPH,56.99,20342.98,15.83,-23.64,8.19,3010.35,3158.24,2025-10-21
generic_transport_aircraft,EGTK,EGPH,1260.81,1214.43,8.6,-20.46,11.22,18176.39,16053.65,2025-06-09
generic_transport_aircraft,LEMD,EGSS,1695.82,4726.75,10.86,31.59,14.13,24036.08,23991.63,2025-11-07
generic_transport_aircraft,EGPH,EGNM,1646.96,9209.53,23.64,21.05,25.47,23742.16,22997.2,2025-09-27
generic_transport_aircraft,EGNM,EHAM,182.07,6987.94,7.36,-1.19,15.22,2687.18,2506.99,2025-03-18
generic_heavy_transport,EGLL,EGPF,820.43,32211.81,21.77,-5.89,30.96,36304.8,35668.43,2025-08-01
generic_light_aircraft,EGNM,EDDF,856.47,422.77,21.91,-13.32,27.66,1162.7,1169.96,2025-10-24
generic_business_jet,EGSS,EGTK,1274.18,1111.75,7.33,26.54,34.45,8617.27,8233.35,2025-03-11
generic_heavy_transport,LEBL,EDDF,1178.52,21814.48,27.84,-14.4,29.78,51698.75,52107.14,2025-07-12
generic_heavy_transport,EGSS,LEMD,1579.84,10319.59,24.93,-35.51,34.71,68646.46,67104.18,2026-03-04
generic_light_aircraft,EGTK,LLBG,568.63,369.4,17.98,-2.45,27.93,773.37,787.19,2025-06-27
generic_light_aircraft,EGLL,EGPH,1580.99,406.2,6.71,7.82,19.6,2057.23,2275.7,2025-02-04
generic_light_aircraft,EGSS,EDDF,1094.11,381.31,7.07,14.24,11.09,1416.92,1353.18,2025-04-22
generic_light_aircraft,LEBL,LLBG,929.34,215.71,23.95,13.52,7.76,1225.11,1142.89,2025-06-04
generic_transport_aircraft,EGLL,LEMD,770.8,3664.27,18.25,2.33,24.41,11183.86,10653.39,2025-12-14
generic_transport_aircraft,EGPF,EHAM,1751.37,11328.24,20.77,17.86,7.75,25306.06,24621.65,2026-01-22
generic_business_jet,LFPG,EGNM,440.48,1586.31,9.18,-7.96,-2.7,3085.13,3133.54,2025-08-02
generic_light_aircraft,LFPG,EHAM,471.22,181.33,20.23,28.78,28.89,634.74,681.61,2025-05-18
generic_transport_aircraft,EGPF,LEMD,114.41,1337.02,23.7,2.01,21.86,1868.91,1959.51,2025-04-17
generic_business_jet,LLBG,EGPH,1640.28,617.71,10.18,14.32,24.88,11155.38,11192.39,2025-12-27
generic_heavy_transport,EGGW,EGNM,1013.9,36020.56,14.37,-2.31,9.37,44507.44,39081.32,2025-09-20
generic_light_aircraft,EGNM,LFPG,1767.21,287.8,24.47,28.15,9.83,2279.04,2140.86,2025-03-16
generic_transport_aircraft,EGTK,EGPH,1069.98,8780.14,12.49,-29.3,4.2,15704.02,16275.79,2025-05-06
generic_transport_aircraft,EGNM,EHAM,1246.91,3459.26,24.08,32.32,20.67,17800.12,17206.94,2025-03-28
generic_transport_aircraft,EGLL,LEBL,368.0,10727.69,27.79,31.58,15.96,5517.47,5528.35,2025-02-08
generic_light_aircraft,LLBG,EDDF,56.2,155.0,19.88,-39.56,1.04,99.17,100.35,2025-11-23
generic_heavy_transport,EDDF,EHAM,1202.04,5629.27,17.71,-12.09,-4.33,51566.29,54635.64,2025-10-02
generic_transport_aircraft,EGNX,EGTK,1269.74,5451.59,26.67,-30.66,31.72,18689.4,17935.03,2025-05-10
generic_business_jet,LLBG,EGPH,741.55,859.58,14.93,0.2,34.61,5174.09,5141.84,2025-12-17
generic_transport_aircraft,LLBG,EGSS,1551.17,9235.24,8.06,-14.66,17.11,22546.2,22706.57,2025-09-13
generic_transport_aircraft,LLBG,EGPF,626.38,11739.29,27.42,26.58,31.77,9236.76,9260.94,2026-04-07
generic_heavy_transport,LLBG,LEMD,879.5,6862.48,7.64,29.05,30.97,37090.85,36604.62,2025-06-11
generic_transport_aircraft,EGTK,EGNX,1365.21,8696.18,14.76,-38.85,1.5,20101.06,19989.95,2026-03-04
generic_transport_aircraft,LLBG,EGPF,993.69,4914.23,22.27,18.24,22.57,14332.96,15481.88,2025-02-20
generic_transport_aircraft,EGPF,EGGW,642.74,9343.57,27.01,-13.26,25.94,9583.0,8749.68,2026-02-06
generic_business_jet,EGNM,LFPG,1015.58,863.14,10.09,1.87,10.2,6983.25,7027.87,2025-02-07
generic_light_aircraft,EGSS,EGPH,1293.99,353.56,22.27,-19.67,-0.74,1736.2,1431.36,2025-08-16
generic_business_jet,EGPH,LLBG,277.55,581.09,15.87,-0.62,11.32,2004.58,2106.23,2025-11-03
generic_heavy_transport,LEBL,EGPH,66.66,21552.4,23.14,12.99,17.38,3653.96,3684.82,2025-05-05
generic_light_aircraft,EHAM,LFPG,713.18,155.54,12.62,-5.55,-2.47,946.69,896.77,2025-02-09
generic_heavy_transport,EGPH,EGNX,1310.18,24832.1,19.57,-8.37,0.42,57102.19,50989.19,2025-06-20
generic_business_jet,LLBG,EHAM,1558.16,960.33,15.47,20.88,21.04,10602.51,10193.75,2025-12-22
generic_business_jet,EGGW,LFPG,1737.83,1753.09,12.41,10.6,14.64,11875.59,11566.99,2025-05-05
generic_business_jet,EGPH,EGNM,1424.2,847.52,26.51,-29.02,34.89,10073.48,12894.52,2025-08-25
generic_business_jet,LEMD,EGGW,556.29,1339.25,24.02,18.65,11.37,3924.6,4258.2,2025-11-21
generic_business_jet,EGNX,EGGW,315.52,934.69,14.29,-9.07,18.92,2267.18,2133.13,2026-03-22
generic_transport_aircraft,LEMD,EGPF,1432.72,4634.59,25.7,-2.05,20.53,20763.03,20065.44,2026-01-29
generic_transport_aircraft,EGGW,LEMD,336.92,7545.8,18.39,6.6,20.87,5012.97,5255.09,2025-02-24
generic_business_jet,EGTK,EGLL,941.24,1078.2,18.77,1.02,12.83,6545.94,6479.03,2026-01-31
generic_transport_aircraft,EDDF,EHAM,309.56,11973.58,16.62,-21.37,31.82,4692.9,5110.71,2025-06-28
generic_transport_aircraft,EGNX,EGPF,408.05,6053.65,16.48,-9.95,22.87,6041.62,6363.64,2025-06-03
generic_transport_aircraft,EGTK,LLBG,84.64,4445.4,8.41,19.0,32.2,1297.91,1292.78,2025-06-19
generic_heavy_transport,LFPG,EGPF,451.91,21201.9,10.06,6.24,12.29,19656.72,23074.23,2026-03-29
generic_transport_aircraft,EGGW,LFPG,727.41,8604.46,10.53,15.19,27.35,10509.49,10756.84,2025-04-06
generic_light_aircraft,EGPH,EGPF,244.99,368.28,16.77,32.27,7.54,331.06,334.3,2025-07-20
generic_business_jet,EHAM,EGSS,1528.88,1226.04,23.9,11.48,6.9,10524.55,10341.29,2025-03-02
generic_light_aircraft,EGGW,EGPH,700.15,156.54,14.55,2.71,17.99,928.59,914.42,2025-09-07
generic_transport_aircraft,EDDF,LFPG,1177.43,11998.84,18.21,-5.83,0.61,17239.47,16829.6,2025-07-03
generic_light_aircraft,EGTK,LFPG,1475.7,485.53,17.12,-5.4,22.39,1955.71,2063.94,2026-03-07
generic_light_aircraft,EGNM,LFPG,1037.27,418.35,10.85,-42.38,3.99,1407.18,1374.74,2026-01-31
generic_transport_aircraft,LEBL,EGNM,243.69,1813.38,23.05,20.86,9.67,3669.63,4010.92,2025-01-22
generic_business_jet,LEBL,LEMD,428.54,937.73,22.19,7.29,4.9,3066.98,3097.48,2026-03-18
generic_business_jet,LLBG,EGSS,1789.4,1463.45,11.21,19.86,18.52,12145.98,12024.92,2025-12-30
generic_business_jet,EHAM,LEMD,1126.35,1477.27,23.9,19.44,17.8,7769.19,7205.01,2025-12-27
generic_transport_aircraft,EGNX,EGPH,1716.46,6415.77,25.8,20.21,0.42,24654.81,24286.61,2025-07-30
generic_heavy_transport,EGTK,EGPH,267.69,39643.15,11.49,11.91,28.14,12014.31,12085.79,2025-10-23
generic_transport_aircraft,EDDF,EGNX,703.43,1368.44,23.48,16.51,11.11,10174.01,9335.82,2025-12-22
generic_heavy_transport,EGPH,LFPG,619.39,5098.92,23.03,13.62,24.24,26829.89,24723.92,2025-02-02
generic_business_jet,LEBL,LFPG,1744.07,1537.27,16.88,-19.17,6.34,12152.49,12407.33,2025-03-08
generic_transport_aircraft,EHAM,EGNM,1614.24,9265.92,7.01,5.09,28.47,23267.88,26199.3,2025-08-22
generic_business_jet,EGTK,EGNM,1253.48,497.87,20.3,-32.28,32.31,8854.26,8968.77,2025-12-02
generic_light_aircraft,EGPH,EGNX,1211.21,359.56,7.14,5.05,24.04,1586.0,1589.04,2025-02-18
generic_transport_aircraft,EGTK,EGNX,277.89,3101.19,20.96,-44.26,22.82,4253.76,4006.12,2026-03-17
generic_light_aircraft,EGPF,LEBL,169.3,253.23,22.08,-36.81,7.53,252.99,258.53,2026-01-21
generic_transport_aircraft,LLBG,EGLL,1233.38,1286.73,18.39,3.83,1.56,17702.87,17343.28,2025-04-20
generic_light_aircraft,EDDF,LEBL,767.55,374.63,24.92,-38.06,-0.98,1058.09,1059.28,2025-08-08
generic_light_aircraft,EGPH,LLBG,531.08,133.7,18.17,3.0,19.3,714.34,661.92,2025-12-20
generic_heavy_transport,EGTK,LEMD,405.56,29277.07,10.15,-13.66,20.85,17922.09,18291.31,2025-07-17
generic_transport_aircraft,EGSS,EGNX,1087.35,6575.29,27.51,33.95,32.36,15657.95,14162.03,2026-03-17
generic_business_jet,LLBG,EHAM,1003.86,559.16,16.36,33.99,-2.08,6815.4,6762.1,2026-04-18
generic_business_jet,EGTK,LLBG,547.79,1368.94,22.88,-11.11,11.09,3924.51,3905.74,2025-10-03
generic_business_jet,EHAM,EGLL,588.89,1066.96,10.47,19.64,16.46,4043.5,3799.53,2025-12-15
generic_business_jet,EDDF,EGSS,812.79,1730.14,11.25,-25.44,31.99,5723.95,6007.0,2025-11-10
generic_business_jet,EHAM,EGTK,1346.67,1410.99,8.63,11.63,23.06,9189.88,9834.05,2026-02-05
generic_business_jet,LLBG,LEMD,697.63,1424.66,25.22,13.63,-0.28,4901.31,5472.63,2025-06-21
generic_business_jet,LEBL,EGPF,157.1,1368.48,18.69,-38.83,13.21,1230.2,1179.4,2025-07-08
generic_transport_aircraft,EGLL,EGPH,1614.44,8252.38,8.54,14.26,-4.9,23152.06,24305.88,2025-01-07
generic_transport_aircraft,EGGW,EGTK,717.13,2225.97,26.49,23.6,17.11,10381.76,11186.06,2025-06-14
generic_heavy_transport,EGGW,EGNM,606.49,38039.88,18.57,-35.45,21.93,27305.71,26035.69,2025-04-25
generic_heavy_transport,LEBL,LFPG,1719.41,7757.06,16.23,-22.42,28.79,73840.76,83249.07,2025-05-30
generic_business_jet,EHAM,LLBG,1137.87,995.89,19.02,-5.53,25.9,7924.2,8413.37,2026-04-07
generic_transport_aircraft,LFPG,LLBG,309.24,11222.57,6.53,-1.68,20.44,4536.87,4524.81,2026-01-24
generic_transport_aircraft,EDDF,EGPF,1321.26,1695.41,17.66,-25.95,14.68,19191.22,19053.8,2025-03-14
generic_light_aircraft,LEMD,EGNX,1661.84,458.91,17.43,11.07,9.9,2165.97,2215.51,2025-03-10
generic_light_aircraft,EDDF,EGPF,1041.53,273.99,27.21,-26.06,5.44,1414.92,1409.7,2026-02-15
generic_transport_aircraft,EGPF,LEBL,617.57,5706.72,11.14,30.48,0.44,8841.96,8871.46,2025-08-19
generic_business_jet,EGNM,EGPH,985.55,1746.95,10.57,-20.34,5.6,6882.08,6701.71,2025-03-22
generic_business_jet,LEBL,EDDF,1281.76,1204.95,10.73,23.53,0.93,8694.21,8390.49,2025-01-26
generic_business_jet,EDDF,EGNX,1783.64,346.62,14.9,-8.82,24.92,12315.54,10587.85,2025-08-25
generic_transport_aircraft,EGSS,LLBG,258.15,1209.2,23.18,-27.22,2.93,3946.26,3678.18,2025-02-13
generic_business_jet,EHAM,EDDF,1471.37,332.7,7.42,27.2,12.74,9905.51,10390.65,2026-04-09
generic_business_jet,LLBG,LEBL,119.93,991.49,9.7,0.91,27.87,896.87,887.33,2025-03-30
generic_heavy_transport,EGPH,EGGW,527.59,22840.46,9.27,4.13,19.68,22914.52,23103.5,2025-09-13
generic_transport_aircraft,EGPF,EHAM,198.95,4904.68,15.22,6.41,26.89,2999.69,3002.52,2025-01-10
generic_transport_aircraft,EGPF,LLBG,886.85,9486.5,13.57,0.25,7.86,12904.24,15177.71,2025-01-14
generic_business_jet,EGPH,EDDF,1617.07,1467.81,7.29,34.32,16.18,10860.7,11110.52,2025-02-21
generic_business_jet,EGGW,LEMD,981.63,1486.86,22.22,16.12,32.91,6806.45,5332.52,2026-02-13
generic_heavy_transport,EGPF,EGPH,1785.16,11948.48,11.2,-19.56,24.52,76675.69,73111.75,2025-06-30
generic_light_aircraft,EHAM,EDDF,1709.39,434.68,23.83,32.63,16.68,2199.34,2324.85,2025-01-20
generic_business_jet,EGSS,EGTK,429.01,1089.67,6.02,28.43,3.06,2918.33,3092.32,2026-03-09
generic_light_aircraft,LLBG,EGPH,304.23,381.88,9.12,-36.13,16.05,418.74,445.49,2025-02-07
generic_heavy_transport,EGPH,LEBL,739.27,9041.29,12.64,-34.08,1.3,32098.46,35065.13,2025-11-29
generic_transport_aircraft,EGPH,EGLL,1031.27,10730.4,19.5,-16.45,21.62,15178.55,14709.96,2025-07-13
generic_transport_aircraft,EGNX,LEBL,268.5,8881.56,26.87,30.9,10.66,4081.69,5642.67,2025-06-12
generic_business_jet,LEBL,EHAM,1037.54,1705.03,9.09,14.63,4.52,7084.81,7048.55,2025-03-27
generic_transport_aircraft,EDDF,EGSS,1220.89,8886.79,13.39,-44.09,3.39,18021.36,17699.54,2026-01-04
generic_business_jet,EGTK,EGSS,1330.69,1753.65,25.46,-5.55,10.15,9294.21,8849.26,2025-02-21
generic_transport_aircraft,LLBG,EGNM,1059.49,9219.8,10.96,-8.9,26.97,15425.61,15592.74,2025-02-23
generic_light_aircraft,EGSS,EGPF,703.93,392.79,18.04,26.85,-1.28,918.95,921.08,2025-11-11
generic_light_aircraft,EGNM,LEBL,1698.99,166.0,25.57,-32.43,-0.95,2295.6,2318.19,2026-01-05
generic_business_jet,LEMD,LFPG,539.07,656.32,7.09,0.74,28.59,3730.99,3859.04,2025-07-04
generic_light_aircraft,EGTK,EGNM,1490.94,350.04,16.57,-37.24,3.28,2015.71,1818.89,2025-03-01
generic_business_jet,EGNX,LLBG,903.36,1291.56,8.01,-1.47,2.4,6222.16,5504.51,2025-07-09
generic_light_aircraft,EGLL,LFPG,816.74,205.36,24.42,0.14,1.05,1091.62,1082.69,2026-02-18
generic_heavy_transport,LFPG,EGPF,1079.97,27144.08,24.5,20.47,11.75,47020.58,45919.56,2026-03-20
generic_heavy_transport,EGNM,EDDF,880.84,8158.2,25.86,12.14,15.08,38023.81,41067.71,2025-11-14
generic_heavy_transport,EGLL,EGSS,833.06,42962.46,9.68,-28.05,2.71,37014.61,40797.03,2025-12-16
generic_heavy_transport,EGPF,EGGW,1145.78,38364.32,11.67,27.86,31.57,49768.07,52244.13,2025-06-16
generic_transport_aircraft,LLBG,EGNX,1654.62,642.18,21.41,2.01,26.27,23721.09,24249.61,2025-03-18
generic_transport_aircraft,EGLL,EDDF,1375.95,11305.97,26.35,0.01,-0.96,20128.57,19820.26,2025-07-30
generic_transport_aircraft,EGNX,EGNM,1048.9,5940.04,9.79,-12.76,19.73,15207.22,16216.66,2025-07-25
generic_heavy_transport,EGTK,EGNM,626.77,14503.17,22.41,28.67,30.88,27215.24,29953.31,2025-05-24
generic_heavy_transport,LLBG,EGNM,1246.92,43899.87,11.02,-20.96,24.75,55209.79,55919.75,2025-06-14
generic_business_jet,EGNX,LEBL,1177.95,581.9,10.65,20.92,24.64,8005.48,8058.22,2025-09-21
generic_light_aircraft,LEBL,EGLL,1290.29,261.35,23.17,-3.06,17.75,1712.68,1523.74,2026-03-25
generic_transport_aircraft,LLBG,EGGW,482.86,5749.16,26.2,11.37,5.96,7143.87,7351.54,2025-03-05
generic_business_jet,EDDF,EGTK,902.82,969.16,27.13,-7.03,17.05,6373.82,6001.57,2026-03-05
generic_transport_aircraft,EGNX,LEBL,203.64,815.68,7.09,23.31,26.19,2946.55,2972.03,2025-04-16
generic_business_jet,EGNX,LEMD,80.19,1470.46,22.89,-44.29,31.46,739.11,767.15,2025-11-04
generic_business_jet,LEBL,EGTK,1112.64,1714.51,21.68,11.75,6.02,7696.49,8351.37,2025-04-22
generic_transport_aircraft,EGNM,EGNX,1491.67,5067.25,8.25,-4.08,21.49,21464.59,20056.76,2025-07-11
generic_transport_aircraft,LFPG,LEMD,541.1,8370.75,16.6,-18.1,6.06,8003.44,7842.26,2026-04-02
generic_light_aircraft,EDDF,EGNX,952.85,196.12,7.25,23.59,27.4,1235.6,1284.33,2025-06-13
generic_transport_aircraft,EDDF,EGLL,1195.23,11970.89,11.71,-11.51,10.53,17472.35,18943.37,2025-04-08
generic_transport_aircraft,EGPH,LEBL,1249.49,7840.61,16.47,30.25,9.34,17886.32,18226.09,2025-03-29
generic_heavy_transport,LLBG,EDDF,362.89,8904.12,8.81,-24.31,27.33,15806.19,15851.01,2025-06-21
generic_business_jet,EDDF,EGSS,436.94,1607.15,15.25,25.95,9.87,3045.48,2939.31,2025-08-26
generic_transport_aircraft,LLBG,EGSS,1565.52,7211.11,26.77,-39.3,30.58,23116.84,20560.59,2025-06-02
generic_heavy_transport,EGPF,EGTK,309.62,44693.91,13.54,33.98,30.71,13868.88,13864.28,2025-03-15
generic_light_aircraft,EGPH,LEBL,186.82,233.05,27.71,-19.93,-2.68,280.02,269.93,2025-10-23
generic_transport_aircraft,LEBL,EGLL,1385.06,1512.48,19.52,5.68,11.14,19859.89,20082.06,2025-07-16
generic_transport_aircraft,EGTK,EGSS,1327.31,11425.79,25.62,15.55,16.24,19299.64,19395.53,2025-04-26
generic_business_jet,LEMD,EGPH,225.25,1055.0,12.73,-39.78,-3.17,1662.58,1663.51,2025-08-22
generic_transport_aircraft,LEMD,LFPG,637.9,10711.7,27.9,-17.58,31.06,9560.82,9345.46,2026-04-16
generic_light_aircraft,LEBL,EGPF,438.68,493.95,10.65,-43.25,15.19,603.05,619.63,2025-12-31
generic_light_aircraft,EDDF,LLBG,1583.33,202.32,17.76,-41.11,34.79,2161.86,2589.75,2025-03-01
generic_business_jet,EGPF,LFPG,1005.48,1011.59,9.37,10.62,20.21,6880.44,6411.59,2025-12-05
generic_transport_aircraft,EGSS,LEMD,1138.01,8558.35,15.21,26.89,15.46,16333.18,15792.16,2025-09-12
generic_light_aircraft,EGGW,EDDF,506.55,309.26,10.44,11.27,6.81,665.96,559.26,2026-04-12
generic_heavy_transport,EGGW,LEBL,625.21,5109.52,20.78,27.55,28.41,26876.92,26467.66,2025-09-19
generic_transport_aircraft,EGSS,LEBL,1632.89,7909.87,16.05,33.18,5.57,23293.62,22657.71,2026-02-21
generic_heavy_transport,EGLL,EGTK,677.18,32070.66,15.37,-35.73,29.05,30154.66,30333.1,2025-11-28
generic_business_jet,EGLL,EGPF,813.19,1232.71,25.33,-37.56,27.6,5858.33,5829.76,2025-07-25
generic_business_jet,EGPF,LFPG,721.93,1576.01,23.6,6.91,26.88,5084.51,5411.76,2026-03-09
generic_business_jet,EGLL,EGSS,1081.77,1503.4,20.92,-30.5,10.19,7661.41,8085.55,2025-01-15
generic_heavy_transport,LLBG,EDDF,1321.37,40670.51,16.63,-5.95,30.5,58244.31,57165.02,2025-01-07
generic_transport_aircraft,LEMD,EDDF,1350.06,8823.4,10.93,31.46,29.93,19287.38,19427.1,2025-12-19
generic_light_aircraft,LEMD,EHAM,1206.31,199.43,13.61,9.1,10.4,1574.51,1633.26,2025-01-28
generic_heavy_transport,EGTK,LEMD,932.27,23771.56,16.91,-31.77,25.06,41011.99,38567.81,2025-06-19
generic_transport_aircraft,EGNX,EGTK,1011.12,4854.33,23.98,-38.69,12.77,14935.48,14619.34,2025-06-11
generic_transport_aircraft,EGSS,LFPG,76.18,5139.56,6.79,-1.07,28.04,1168.85,1156.63,2025-11-13
generic_heavy_transport,EDDF,EGNX,1031.89,31183.84,16.04,-17.73,28.01,45390.16,47346.41,2026-01-28
generic_transport_aircraft,EHAM,EDDF,1198.33,8733.01,8.51,15.75,3.87,17207.9,15539.97,2026-03-01
generic_business_jet,EDDF,LLBG,961.08,1353.14,7.01,-31.87,0.62,6726.54,6604.23,2025-11-09
generic_light_aircraft,EGGW,EGNX,1540.6,186.24,24.14,-29.75,8.52,2078.74,1899.86,2025-01-24
generic_transport_aircraft,EDDF,LEMD,1400.11,5680.8,20.49,31.5,0.39,19988.94,16038.74,2026-03-06
generic_heavy_transport,EHAM,EGNM,1415.8,41407.26,21.22,-31.11,27.61,63060.63,63092.01,2025-12-03
generic_heavy_transport,EHAM,EDDF,929.71,20386.51,27.55,28.27,25.49,40372.81,39528.5,2025-08-20
generic_light_aircraft,LEBL,EGLL,1102.43,454.57,17.27,22.45,16.91,1432.67,1633.28,2026-01-13
generic_business_jet,LFPG,LEMD,413.05,1371.58,21.11,28.7,0.31,2921.19,2813.61,2025-10-05
generic_business_jet,LEMD,EDDF,247.54,828.36,16.57,0.65,21.69,1810.11,1547.77,2026-01-18
generic_business_jet,LLBG,LFPG,1532.01,1512.46,17.5,-42.98,0.81,10839.5,10648.25,2025-03-24
generic_business_jet,EGNX,LEMD,1518.12,1335.89,12.49,15.29,-3.71,10348.69,10015.29,2025-02-22
generic_transport_aircraft,EHAM,LEMD,1562.8,9037.75,18.35,-25.99,26.37,22924.62,23238.2,2026-04-20
generic_business_jet,EGPF,EGNM,1428.14,1327.72,27.25,-40.7,24.75,10174.33,9734.96,2026-03-21
generic_transport_aircraft,LEBL,EGNM,1644.66,8603.23,20.25,15.41,16.86,23703.21,21907.02,2025-05-31
generic_heavy_transport,EGNM,EGLL,175.69,43499.01,22.17,-35.45,-3.37,8532.74,8041.6,2025-05-16
generic_transport_aircraft,EGLL,EGGW,492.55,4301.47,21.61,-32.62,1.15,7351.27,7293.71,2025-11-12
generic_business_jet,LLBG,EDDF,1431.29,1125.24,7.6,11.61,16.02,9744.37,9899.81,2025-09-24
generic_transport_aircraft,EGSS,LLBG,774.96,6675.91,8.02,-27.3,3.53,11320.25,11030.39,2026-01-21
generic_transport_aircraft,EHAM,LFPG,1030.14,9149.54,20.28,-35.82,8.84,15250.21,15941.02,2025-11-25
generic_business_jet,EHAM,EDDF,114.98,1628.49,14.39,18.7,-0.47,879.53,1087.4,2026-02-25
generic_transport_aircraft,LEBL,EGPH,937.83,6098.25,12.52,7.12,7.81,13522.44,14714.76,2025-02-19
generic_transport_aircraft,EGLL,LLBG,57.87,1252.93,20.75,16.89,29.6,1036.5,1012.76,2025-12-26
generic_business_jet,LEMD,LLBG,1478.4,408.18,21.09,-43.1,23.67,10475.28,12275.05,2025-01-28
generic_business_jet,EGLL,LLBG,168.63,1532.43,26.04,-12.39,13.05,1346.13,1292.85,2025-03-02
generic_transport_aircraft,LFPG,EGTK,1130.2,9193.55,18.88,11.07,-2.1,16380.85,16824.8,2025-02-24
generic_transport_aircraft,EGNX,LLBG,1109.52,3737.45,26.39,-14.49,27.88,16212.93,16723.14,2026-01-18
generic_transport_aircraft,EGPF,LLBG,1002.75,11541.54,9.17,9.18,31.57,14531.74,14621.42,2026-01-09
generic_heavy_transport,EDDF,EGPH,64.57,39990.68,9.11,-41.66,17.91,3168.85,2996.19,2025-04-18
generic_heavy_transport,LEMD,LEBL,648.46,21506.18,20.21,-4.0,1.44,28508.89,29728.18,2026-03-04
generic_light_aircraft,EGNX,EGGW,1222.57,326.92,7.2,15.08,34.6,1596.81,1476.38,2025-12-10
generic_light_aircraft,EGSS,EGPH,1318.41,294.88,13.28,-34.74,21.22,1782.2,1739.6,2025-11-14
generic_business_jet,EGSS,EGNX,835.88,1224.51,12.72,1.73,17.62,5786.26,5603.38,2025-01-03
generic_transport_aircraft,EGPH,EGGW,1294.91,7869.64,12.09,-16.24,22.18,18854.52,19534.8,2025-09-03
generic_business_jet,EGNM,LFPG,581.1,1127.51,9.87,3.53,28.67,4034.45,4111.37,2025-05-15
generic_light_aircraft,LEMD,EDDF,177.33,107.45,17.16,-42.5,18.28,261.35,255.22,2025-10-30
generic_transport_aircraft,EGGW,EGTK,998.79,11985.37,16.39,17.02,9.63,14496.08,14724.99,2025-05-29
generic_transport_aircraft,EGLL,LFPG,203.92,4684.45,6.23,-25.89,33.56,3024.61,3306.71,2025-12-17
generic_transport_aircraft,EGLL,LLBG,828.12,2560.17,26.87,7.75,33.71,12048.94,11981.64,2025-04-23
generic_business_jet,LEBL,EGNM,508.95,651.03,20.71,-3.57,26.66,3631.17,3402.5,2026-04-15
generic_light_aircraft,EGNM,EGTK,1183.16,141.29,27.31,5.69,5.94,1564.82,1559.07,2025-07-12
generic_business_jet,EDDF,EGPF,1191.61,1553.2,17.37,-14.89,31.29,8337.89,7735.76,2025-06-30
generic_transport_aircraft,LLBG,EGPH,891.1,7448.43,17.04,-33.88,1.62,13144.61,14063.49,2025-04-06
generic_transport_aircraft,EGLL,EGPF,1478.76,8102.76,15.12,-18.58,-0.47,21566.04,22359.28,2025-09-03
generic_light_aircraft,EGGW,EDDF,1507.56,108.98,6.95,0.88,1.45,1967.49,1946.48,2025-01-29
generic_heavy_transport,EGLL,EGPH,951.7,21218.25,27.32,6.01,30.14,41627.29,41156.64,2026-02-25
generic_business_jet,EGNX,EGSS,1109.45,1007.12,16.6,-27.45,11.43,7801.24,8155.3,2025-11-16
generic_business_jet,EDDF,LFPG,1315.95,814.01,15.98,2.25,4.19,9066.64,9581.67,2025-02-25
generic_transport_aircraft,EGTK,EGNX,1640.89,8370.23,24.18,3.44,2.1,23797.03,25240.53,2025-09-30
generic_light_aircraft,LFPG,LLBG,891.33,152.13,19.28,21.2,30.88,1176.21,1125.47,2025-11-29
generic_business_jet,EGPF,EHAM,1580.32,1346.46,15.44,30.07,14.28,10696.99,10760.96,2026-04-10
generic_transport_aircraft,LEBL,LEMD,791.73,3426.96,22.85,27.81,-1.65,11395.99,10817.68,2025-10-06
generic_light_aircraft,EGPF,EGNX,1289.56,415.77,18.72,-35.57,-4.71,1746.9,1664.16,2025-07-05
generic_business_jet,EGSS,EGGW,1072.32,691.95,17.79,0.17,19.48,7433.15,6918.24,2025-07-23
generic_business_jet,LEBL,EGGW,1420.55,1023.7,14.14,-0.61,5.15,9785.38,9613.05,2026-01-12
generic_light_aircraft,EGLL,LEMD,448.25,413.24,26.88,-36.98,15.33,632.57,662.53,2026-02-15
generic_transport_aircraft,LFPG,EDDF,1285.42,2348.49,27.22,-44.58,-1.36,18932.31,20384.28,2025-02-02
generic_business_jet,EGNX,EGGW,1113.85,1386.74,26.48,-12.95,21.25,7849.08,8628.45,2025-11-02
generic_transport_aircraft,EGTK,LLBG,1168.71,5548.18,10.44,7.55,27.16,16793.02,16738.85,2025-09-22
generic_transport_aircraft,LEMD,EGGW,1227.91,4637.01,20.41,33.05,-1.53,17516.53,17762.03,2025-07-24
generic_business_jet,EGPH,LEMD,1073.57,1076.61,22.21,-39.51,-1.39,7646.06,7475.89,2025-06-28
generic_business_jet,EGPH,EGNX,1735.17,982.14,14.89,-44.63,2.0,12239.92,13477.09,2025-10-14
generic_business_jet,EGSS,EHAM,1707.01,1504.41,27.05,25.09,27.53,11677.09,10795.91,2025-10-16
generic_business_jet,EGNM,LLBG,641.1,1463.4,21.0,26.72,29.48,4466.87,4295.4,2025-05-13
generic_transport_aircraft,EGSS,EGNM,1789.82,8284.5,11.06,-19.74,33.22,26063.95,25864.64,2025-05-08
generic_business_jet,EGNX,EGSS,1359.12,812.99,18.2,-30.72,7.55,9555.56,9547.96,2025-10-21
generic_heavy_transport,EGNX,EGLL,1243.85,41397.1,16.98,-29.03,24.42,55305.76,56748.89,2025-05-08
generic_business_jet,LLBG,EHAM,1412.04,479.82,7.73,31.46,14.71,9489.27,11511.95,2025-01-22
generic_business_jet,LLBG,EGNM,598.56,1647.18,25.38,0.96,5.99,4264.43,4427.67,2025-07-23
generic_transport_aircraft,EGGW,LLBG,140.03,9691.6,16.52,-1.74,15.1,2183.7,2369.98,2025-12-18
generic_transport_aircraft,LEBL,EGLL,256.25,6459.36,12.94,-44.33,21.96,3876.62,3805.23,2026-03-18
generic_transport_aircraft,EGNX,EGLL,461.18,5920.47,19.49,-15.73,14.95,6844.48,6963.69,2025-12-25
generic_business_jet,LEBL,EGPH,748.04,976.09,18.57,33.34,22.44,5136.79,5313.92,2025-10-12
generic_light_aircraft,EGPF,EGNM,1449.07,395.42,16.41,-44.22,11.86,1969.84,1810.66,2026-04-03
generic_transport_aircraft,LLBG,EDDF,1309.58,9531.33,12.6,-0.03,17.71,18986.61,17702.16,2026-02-21
generic_transport_aircraft,EGNX,LFPG,214.01,9062.82,11.71,-16.18,17.3,3219.43,3381.03,2025-06-26
generic_light_aircraft,EGTK,EGNM,1567.23,485.25,10.38,1.07,20.97,2055.99,2145.87,2025-12-11
generic_transport_aircraft,LFPG,EGNM,829.36,1401.69,19.5,-7.9,33.26,12050.29,13076.87,2025-11-24
generic_business_jet,LEBL,EGPH,1119.6,907.16,25.96,-38.67,8.75,7987.59,7739.35,2025-11-06
generic_business_jet,EDDF,EGPF,825.8,1594.21,13.99,1.95,33.62,5743.02,6166.52,2025-04-05
generic_light_aircraft,LLBG,EGTK,456.77,200.66,22.37,14.98,3.42,614.16,602.08,2025-08-31
generic_light_aircraft,LFPG,EGTK,741.76,406.0,7.83,-24.0,1.21,992.69,1007.44,2026-03-30
generic_business_jet,EGPF,EGNX,1339.48,964.74,8.78,-2.86,1.82,9205.08,9669.19,2026-03-19
generic_heavy_transport,EGNM,LFPG,993.73,15896.58,15.79,32.56,22.9,42442.57,42923.08,2025-11-02
generic_transport_aircraft,EGNM,LEMD,1584.65,5502.24,20.08,-2.3,31.36,22920.82,22021.89,2025-06-07
generic_business_jet,EGPH,EGNM,577.77,300.14,23.94,22.84,8.76,4050.85,4069.24,2025-01-05
generic_heavy_transport,LEMD,EGNM,882.25,5365.3,15.47,-21.57,4.25,38042.3,40064.13,2025-10-15
generic_business_jet,EGPF,EGNM,1299.72,1268.99,24.23,-27.35,-1.83,9177.79,9199.92,2025-09-22
generic_heavy_transport,LEBL,LLBG,1462.29,32385.61,12.26,14.43,27.35,63359.51,57527.1,2025-05-29
generic_transport_aircraft,EGSS,LEMD,839.61,8555.43,16.82,-19.35,1.09,12338.97,13031.05,2025-01-12
generic_business_jet,EGLL,EGSS,264.44,957.62,6.18,-37.78,-4.41,1886.23,1908.4,2025-09-13
generic_transport_aircraft,EGPH,LFPG,100.7,1422.57,22.51,-33.31,5.66,1678.18,1772.52,2025-10-06
generic_light_aircraft,EGNM,EGLL,1521.9,426.9,24.22,-35.24,25.73,2072.35,2073.63,2026-01-13
generic_transport_aircraft,EGTK,EGNX,1398.1,6493.1,27.61,-7.17,22.26,20385.68,22311.4,2025-06-15
generic_transport_aircraft,EGLL,LEMD,1351.99,6820.17,8.69,-6.5,6.95,19531.53,19306.83,2025-02-27
generic_business_jet,EGGW,LEMD,71.44,1491.59,18.86,-13.34,4.72,626.94,635.61,2025-10-25
generic_transport_aircraft,LEBL,LEMD,1091.35,4771.08,7.97,-32.38,-1.34,15898.29,14413.2,2025-11-17
generic_business_jet,EGTK,EGSS,315.13,1104.53,8.36,-5.97,7.67,2215.47,2024.42,2025-11-27
generic_transport_aircraft,LEBL,EGPH,814.95,2719.1,21.16,-16.35,0.39,11910.41,12517.47,2025-05-31
generic_transport_aircraft,LFPG,LEBL,1039.56,6751.64,13.12,-7.53,29.71,15099.1,14530.03,2026-03-17
generic_light_aircraft,LFPG,EGLL,317.07,218.27,11.79,-15.63,-4.97,431.58,416.59,2025-01-10
generic_transport_aircraft,EHAM,EGPH,464.07,8791.54,20.48,-1.88,10.5,6885.55,6603.63,2025-09-12
generic_light_aircraft,LEBL,LFPG,541.89,263.92,13.08,-37.3,21.36,746.03,839.1,2025-01-17
generic_transport_aircraft,EGGW,EGSS,218.31,7066.64,24.4,7.63,16.03,3367.25,3485.8,2025-05-12
generic_business_jet,EGTK,EGPF,1304.82,319.63,26.26,7.46,32.14,9042.47,9318.04,2025-07-04
generic_heavy_transport,LFPG,LEBL,775.0,19762.75,21.59,20.89,5.63,33660.74,37236.86,2026-03-04
generic_heavy_transport,EGNX,EGSS,1730.83,8884.77,21.95,-2.47,2.58,74107.38,71066.21,2025-04-02
generic_transport_aircraft,LFPG,LEBL,1354.42,9312.26,18.68,8.96,23.1,19618.15,19484.45,2025-02-23
generic_light_aircraft,EGLL,LLBG,749.73,235.01,9.48,34.87,12.72,960.59,933.03,2025-06-16
generic_business_jet,LLBG,EGPH,1156.34,1539.23,13.12,-25.74,16.83,8102.98,8413.34,2025-10-09
generic_business_jet,LEMD,EGNX,838.97,1739.74,6.0,-42.23,6.38,5910.36,6084.57,2025-01-04
generic_business_jet,EGNX,EGGW,597.66,1457.28,26.75,20.79,31.76,4232.61,4245.43,2025-10-20
generic_light_aircraft,EHAM,EGLL,852.95,162.44,11.83,26.17,4.99,1101.26,1099.25,2025-10-19
generic_light_aircraft,EGGW,LEBL,614.83,293.01,16.74,26.92,23.11,810.03,847.66,2025-02-18
generic_business_jet,EHAM,LEMD,1327.54,1164.43,7.73,-40.53,25.84,9328.38,8782.47,2026-03-21
generic_business_jet,EGSS,LLBG,1190.63,1203.45,6.25,17.19,10.3,8079.45,8748.36,2025-01-22
generic_transport_aircraft,EGPH,EHAM,618.59,8524.34,9.37,8.89,34.89,8971.33,9782.69,2025-02-16
generic_business_jet,EGGW,EGNM,737.04,498.28,7.82,0.72,-3.03,5071.15,4986.77,2025-02-13
generic_business_jet,EGPF,EHAM,1269.76,1443.05,16.58,-29.15,10.81,8927.48,8359.52,2025-09-26
generic_light_aircraft,EGGW,EGNX,1408.23,229.36,26.33,-37.83,21.87,1922.37,1863.56,2025-06-28
generic_business_jet,EGGW,EGPF,1195.24,1454.52,9.72,-17.02,27.86,8313.69,8521.74,2026-04-19
generic_light_aircraft,LLBG,EGGW,701.06,403.09,24.76,-36.01,-2.82,967.46,897.17,2026-04-20
generic_light_aircraft,EGLL,EGPH,1262.61,144.51,15.9,-43.18,3.36,1715.72,1653.82,2025-05-13
generic_transport_aircraft,LFPG,EGNM,1786.49,8493.32,20.7,-14.87,31.24,26066.22,25837.27,2025-05-11
generic_business_jet,EGLL,EGTK,1430.03,1226.95,7.17,7.38,-4.67,9758.13,9431.44,2025-12-04
generic_light_aircraft,EGPH,EGSS,1567.31,359.76,11.09,-14.54,34.06,2091.1,2150.03,2025-06-11
generic_transport_aircraft,EGNM,EDDF,372.16,6257.48,16.08,29.11,-4.14,5429.37,5435.38,2025-07-21
generic_light_aircraft,LEMD,EGLL,1245.97,242.15,12.65,34.68,34.14,1608.25,1716.84,2025-02-01
generic_heavy_transport,EDDF,EGNX,1607.66,37594.35,6.65,-0.6,6.21,70064.51,74824.12,2025-02-14
generic_transport_aircraft,LEMD,EGPF,1234.88,10536.07,21.1,-11.61,17.92,18107.95,19839.83,2025-06-09
generic_business_jet,EHAM,EGPH,276.26,1278.71,18.78,9.72,3.09,2008.0,2117.06,2026-04-11
generic_heavy_transport,EGLL,EGNM,1757.49,10806.1,26.53,28.37,7.7,74766.62,79558.22,2026-01-04
generic_business_jet,EGSS,EGGW,1588.76,1390.62,22.84,25.41,11.56,10837.49,10290.33,2026-04-03
generic_business_jet,EDDF,LEBL,1412.33,460.16,10.06,16.0,19.48,9598.65,9900.88,2025-10-18
generic_transport_aircraft,EHAM,EGGW,450.25,799.97,7.75,17.39,0.36,6431.65,6657.63,2025-04-05
generic_transport_aircraft,LLBG,EGPF,286.33,2722.49,6.71,16.16,-4.4,4121.65,3911.79,2025-07-31
generic_transport_aircraft,EGGW,LEBL,400.97,2852.46,9.9,31.38,12.57,5741.31,5384.01,2026-03-31
generic_business_jet,EGGW,EGNM,118.41,1403.0,14.37,-19.97,19.46,923.96,871.93,2025-11-01
generic_transport_aircraft,LFPG,EHAM,1280.72,942.89,8.4,-8.45,30.11,18372.6,18918.5,2026-01-12
generic_business_jet,EGTK,EHAM,1387.86,1743.89,10.18,-9.84,30.38,9611.48,9335.7,2025-05-27
generic_business_jet,EGNM,EGLL,1121.05,381.82,17.37,-33.62,28.2,7915.54,7250.17,2026-02-03
generic_transport_aircraft,EHAM,LEBL,734.83,4219.8,6.55,-8.71,30.86,10616.29,10895.75,2026-03-28
generic_business_jet,EGNM,EGSS,1258.96,1660.74,23.52,12.47,-0.06,8696.79,9090.57,2025-09-26
generic_transport_aircraft,LEMD,EGPF,1756.46,7538.83,9.52,-0.97,-3.24,25325.25,26325.55,2025-06-21
generic_heavy_transport,EHAM,LEMD,329.53,10784.29,22.92,-40.9,7.32,14966.12,14705.49,2025-04-03
generic_heavy_transport,EGSS,EGGW,51.2,35615.83,6.27,-5.19,14.95,2442.82,2103.29,2025-11-08
generic_business_jet,EGNM,EGGW,1202.37,980.61,15.72,3.1,-4.74,8290.93,8562.7,2026-02-24
generic_light_aircraft,LLBG,EGGW,305.19,361.31,6.81,23.31,21.68,403.59,391.5,2025-06-02
generic_light_aircraft,EGPH,EGSS,776.76,171.3,20.79,3.89,22.66,1038.37,955.25,2025-08-22
generic_business_jet,LEMD,EHAM,107.9,1452.77,13.1,26.8,27.81,828.93,783.85,2026-03-08
generic_business_jet,LFPG,EGSS,281.13,1341.93,12.04,-2.84,15.99,2007.6,1956.87,2026-01-09
generic_heavy_transport,EDDF,LFPG,893.83,32546.17,26.55,33.9,6.49,39151.1,36357.83,2025-06-12
generic_transport_aircraft,EGNX,EHAM,1138.79,11161.71,19.51,-5.29,24.17,16676.41,15010.31,2025-04-30
generic_heavy_transport,LEMD,EGNX,47.77,5959.47,19.76,-35.57,28.92,2743.88,2747.77,2025-08-01
generic_business_jet,EGPF,EGTK,1028.53,1256.26,6.25,-28.91,6.27,7176.0,7260.59,2025-06-15
generic_light_aircraft,LEBL,EGTK,629.91,258.42,18.52,31.81,28.28,832.34,794.32,2026-03-03
generic_transport_aircraft,EGPH,LEMD,877.75,908.92,8.99,-32.57,13.42,12742.17,13729.66,2026-02-21
generic_light_aircraft,EGPF,LEBL,959.48,325.98,20.92,-0.59,-4.25,1274.25,1162.55,2025-06-19
generic_business_jet,LEBL,LLBG,1746.67,720.69,6.69,33.69,20.06,11711.8,12171.47,2025-11-01
generic_transport_aircraft,EGSS,LLBG,1282.74,4116.74,6.7,-11.89,14.88,18484.31,17378.43,2025-08-20
generic_business_jet,LLBG,EGNX,575.57,468.35,23.27,17.22,31.53,4058.75,4011.68,2025-09-14
generic_business_jet,EGLL,EGNX,893.49,1610.82,12.83,-18.81,25.78,6264.12,6290.91,2026-04-26
generic_heavy_transport,LFPG,LEMD,405.1,6462.1,14.53,24.18,-0.37,17485.1,17377.21,2026-03-23
generic_transport_aircraft,EGSS,EGPF,125.98,6486.64,20.5,-20.0,18.1,2028.59,2059.64,2026-04-02
generic_business_jet,EGGW,EGPF,547.93,1098.41,23.0,8.69,5.91,3880.88,3938.67,2025-10-14
generic_business_jet,LFPG,EGSS,659.81,777.73,9.11,11.35,6.33,4529.55,4632.22,2025-02-06
generic_heavy_transport,EGNX,EDDF,993.71,7029.05,6.64,27.26,-2.98,41854.4,41127.29,2025-12-27
generic_transport_aircraft,EHAM,EDDF,1256.17,5627.12,13.82,-18.41,2.93,18263.06,18547.78,2026-02-19
generic_heavy_transport,LFPG,EGSS,1371.33,23627.81,8.9,20.03,31.79,58767.47,55273.69,2025-12-30
generic_transport_aircraft,LEBL,EGNM,1707.77,2152.8,25.71,-24.36,9.54,24834.18,25132.44,2026-04-15
generic_transport_aircraft,EDDF,EGPH,1593.62,5712.76,6.67,-6.97,9.06,22953.9,22204.03,2025-11-06
generic_transport_aircraft,EHAM,EGLL,756.98,8714.14,8.35,-0.51,-2.16,10973.47,11062.54,2025-08-25
generic_business_jet,EGPF,EDDF,1134.64,1121.92,27.43,-14.29,8.63,7995.68,8225.53,2025-08-11
generic_business_jet,EHAM,LLBG,1263.2,559.63,20.73,14.15,23.48,8684.23,8096.39,2025-02-28
generic_transport_aircraft,EHAM,EDDF,1019.18,9953.27,9.88,31.47,-2.22,14591.68,15733.34,2025-07-14
generic_transport_aircraft,EGPH,LFPG,152.9,3002.54,9.06,1.46,25.2,2278.22,2423.33,2026-01-23
generic_light_aircraft,EGLL,LEMD,977.35,255.99,18.71,-29.35,22.26,1328.51,1289.92,2025-06-05
generic_heavy_transport,EGPF,LEBL,649.18,8571.5,6.18,33.91,11.17,27385.22,29173.92,2025-05-31
generic_heavy_transport,EGTK,EGPF,1743.66,5033.73,18.32,33.3,-0.61,73395.84,73191.6,2025-10-30
generic_business_jet,EGPF,LEMD,716.8,872.35,17.99,8.0,13.99,4989.58,5057.25,2025-07-16
generic_transport_aircraft,LLBG,EGPH,315.74,11970.74,20.74,-34.26,-2.13,4835.18,5258.24,2025-08-12
generic_light_aircraft,EGLL,EGSS,1459.43,444.06,25.66,10.63,32.21,1928.89,1945.6,2025-08-21
generic_transport_aircraft,LFPG,EGPF,834.83,4586.03,10.09,3.37,18.12,12021.5,12299.22,2025-07-30
generic_business_jet,LFPG,EDDF,1761.8,1152.22,21.51,-35.95,14.26,12416.84,12004.86,2025-03-14
generic_transport_aircraft,LEMD,LEBL,1553.16,9131.7,12.15,-3.64,15.93,22508.9,21793.63,2025-12-06
generic_transport_aircraft,EDDF,EGSS,991.29,7165.73,19.49,27.29,16.4,14259.2,12030.31,2025-09-20
generic_transport_aircraft,EGNM,EDDF,783.88,11546.68,23.56,-21.86,-3.59,11659.66,12603.7,2025-10-16
generic_transport_aircraft,EGNX,EGTK,1059.64,7087.89,20.44,-21.66,24.5,15554.27,12869.1,2025-02-12
generic_light_aircraft,EGLL,EHAM,1420.5,200.82,19.55,-22.98,5.28,1903.9,1896.23,2026-01-14
generic_business_jet,EGLL,LEMD,1462.76,691.88,21.42,-6.21,26.97,10161.04,9401.65,2025-06-25
generic_transport_aircraft,EGSS,EGGW,1487.13,10132.56,22.56,-11.96,10.33,21765.98,20740.63,2025-10-23
generic_light_aircraft,LEMD,EGPH,509.01,427.81,7.16,-7.88,14.05,675.19,624.6,2026-01-21
generic_business_jet,LFPG,EGGW,1283.34,1011.88,9.19,24.62,-4.53,8684.7,9152.5,2025-09-29
generic_light_aircraft,EDDF,EGTK,977.42,241.53,24.57,3.84,21.08,1302.19,1267.68,2025-05-19
generic_light_aircraft,EGNX,LLBG,1193.37,256.46,23.01,14.93,24.37,1569.9,1521.65,2025-12-20
generic_transport_aircraft,EGLL,EGPF,1225.77,10064.43,6.26,-37.18,-0.84,18001.07,17656.15,2025-04-23
generic_business_jet,LEMD,EGNX,104.74,1229.1,7.25,2.53,30.76,777.81,789.79,2025-03-03
generic_light_aircraft,EGSS,EDDF,1196.97,459.96,18.45,32.37,30.84,1554.33,1667.46,2025-05-10
generic_transport_aircraft,EGNX,LFPG,177.88,5714.6,27.9,16.55,22.69,2814.66,2683.26,2026-02-04
generic_transport_aircraft,EGSS,EGPH,716.81,4325.53,7.32,31.45,5.59,10181.8,9347.45,2025-09-09
generic_business_jet,EGGW,EDDF,1177.82,462.65,17.89,-10.5,19.56,8198.78,8581.05,2025-01-18
generic_transport_aircraft,EGSS,EGLL,484.8,5627.64,25.72,-33.09,20.61,7299.38,7567.69,2025-12-07
generic_light_aircraft,EGPF,EGNX,623.85,256.53,6.08,11.61,25.84,820.38,774.91,2026-02-20
generic_transport_aircraft,LEBL,EGSS,50.8,11472.79,24.0,-6.43,17.69,977.73,985.22,2025-07-03
generic_business_jet,EGPH,LEMD,141.87,1795.52,20.24,-15.77,29.13,1134.21,1070.05,2025-05-29
generic_light_aircraft,EDDF,EGGW,114.03,253.67,10.2,10.67,30.86,172.06,187.39,2025-07-03
generic_heavy_transport,EGNM,EGSS,813.66,12578.58,6.79,-42.97,34.86,35305.56,35444.84,2025-11-26
generic_transport_aircraft,EGNX,LFPG,1509.11,5667.03,27.91,-42.04,-2.76,22268.66,23480.76,2025-01-22
generic_business_jet,EGPF,EGSS,1192.51,1084.68,26.68,24.62,16.46,8203.02,8184.55,2026-01-12
generic_transport_aircraft,EGLL,LFPG,871.99,11057.22,7.01,11.1,0.22,12596.72,12092.9,2025-01-26
generic_light_aircraft,EGNX,LLBG,1117.7,434.14,7.41,20.4,-0.43,1441.04,1350.38,2025-04-14
generic_transport_aircraft,EGPF,EGPH,1768.75,8301.58,13.13,33.07,18.04,25207.4,24130.0,2026-03-05
generic_transport_aircraft,LEBL,EGGW,1085.86,4358.29,8.66,-33.7,11.61,15824.79,15458.92,2026-04-19
generic_light_aircraft,EHAM,EGTK,1433.3,352.88,14.27,-32.38,30.19,1941.0,1813.09,2025-01-04
generic_transport_aircraft,EGLL,EGSS,1087.0,3762.91,21.26,18.38,14.04,15613.96,15947.38,2025-08-19
generic_heavy_transport,EGPF,EGGW,1116.49,6504.85,9.96,-5.01,33.01,47610.04,48651.2,2026-02-05
generic_business_jet,EGNX,EGPF,1023.78,587.85,27.71,33.14,19.76,7037.7,7778.4,2025-08-26
generic_transport_aircraft,LEBL,EDDF,530.13,2727.77,23.53,9.82,33.74,7777.21,6821.64,2025-04-01
generic_heavy_transport,EGLL,LEMD,139.82,19567.72,10.61,-24.89,19.67,6400.18,6698.31,2025-01-27
generic_light_aircraft,LFPG,EGLL,96.01,305.96,7.56,-26.18,12.79,136.51,131.26,2025-08-03
generic_transport_aircraft,EGGW,LEBL,616.58,9458.22,13.17,-37.15,24.51,9154.67,9488.89,2025-08-30
generic_light_aircraft,EHAM,EGNM,809.94,186.47,19.41,-30.76,9.94,1101.73,1058.84,2025-04-10
generic_heavy_transport,EDDF,EGPH,399.88,10088.47,21.23,-40.23,0.46,17916.47,18567.22,2025-06-25
generic_transport_aircraft,EGGW,EGPH,1430.65,7836.99,19.45,-31.41,33.81,21029.91,20001.21,2025-02-14
generic_transport_aircraft,EGPF,EHAM,1792.39,7303.18,24.41,-22.67,24.2,26222.1,26127.96,2025-10-24
generic_heavy_transport,EGGW,EDDF,1648.64,40930.07,15.19,-41.46,34.65,73311.45,70288.16,2025-09-16
generic_transport_aircraft,EGTK,EGNM,886.12,9677.2,24.07,-8.8,4.62,13050.45,12944.53,2025-04-22
generic_business_jet,EGLL,EGPF,1181.61,436.09,16.56,-20.61,23.13,8265.28,8239.46,2026-01-18
generic_heavy_transport,EHAM,EGTK,858.9,10544.96,21.47,-30.2,29.86,37544.46,44303.14,2025-02-06
generic_business_jet,EGPF,LEBL,102.41,938.85,11.94,30.69,16.7,772.48,725.08,2026-02-08
generic_transport_aircraft,EDDF,EGSS,634.14,11220.8,17.32,27.8,9.56,9221.74,9694.21,2025-01-21
generic_light_aircraft,EGPH,EGPF,1025.68,126.8,21.61,-28.62,34.25,1404.59,1428.75,2025-02-28
generic_transport_aircraft,EDDF,EGNM,1365.25,10518.01,21.46,15.25,25.44,19786.07,18790.05,2025-08-05
generic_light_aircraft,EGNX,EGTK,650.87,294.49,17.59,-35.18,23.39,897.62,992.92,2025-09-30
generic_transport_aircraft,EGNX,LFPG,1448.83,11371.7,23.79,30.27,-2.37,20894.19,21883.64,2026-04-05
generic_heavy_transport,EGLL,EGPH,180.04,11590.65,8.46,-33.16,1.02,8020.94,7714.29,2025-11-18
generic_business_jet,EGTK,EGPH,1242.62,1697.58,16.43,-11.39,24.51,8661.82,10353.33,2026-03-04
generic_business_jet,LFPG,LEMD,1060.63,1283.64,23.31,-6.11,21.63,7430.38,7465.98,2025-10-08
generic_business_jet,EGNM,LFPG,276.58,1484.02,9.78,-24.2,14.37,1983.66,1909.61,2025-05-26
generic_transport_aircraft,EGNM,EGLL,327.19,6656.14,10.01,-30.97,23.32,4859.34,4775.56,2026-02-11
generic_business_jet,EGLL,EGGW,117.22,774.94,8.78,-24.17,2.38,872.94,861.15,2025-06-26
generic_business_jet,EGLL,EGPF,1756.94,1100.46,8.67,-43.01,32.24,12352.75,12283.68,2025-08-23
generic_light_aircraft,EGPH,EGLL,1341.06,490.24,13.29,11.44,13.96,1746.62,1689.5,2025-10-21
generic_transport_aircraft,EDDF,EGLL,1323.59,11106.36,13.45,-36.01,14.16,19524.27,26708.14,2025-10-10
generic_light_aircraft,EGSS,EGPH,1128.75,188.15,13.86,-18.89,19.33,1509.64,1543.94,2026-01-28
generic_light_aircraft,EGNX,EGGW,989.91,278.18,20.77,-38.01,15.47,1350.92,1436.43,2025-06-12
generic_transport_aircraft,EHAM,EDDF,143.36,8167.81,14.75,12.28,12.11,2197.26,2182.97,2025-06-07
generic_light_aircraft,EGNM,EHAM,1322.38,277.69,27.84,19.29,6.55,1728.46,1738.22,2026-04-05
generic_heavy_transport,EGPF,LEBL,289.94,28487.2,7.89,-28.38,13.98,12882.87,14284.07,2025-10-30
generic_light_aircraft,LEBL,EGPF,763.6,465.76,15.12,-0.53,23.41,1019.39,897.58,2025-03-12
generic_transport_aircraft,EGGW,EGLL,553.01,6141.73,24.1,-20.84,18.41,8236.93,7493.99,2026-02-10
generic_business_jet,EGTK,EGGW,1722.83,1551.36,16.4,7.31,30.71,11832.91,11872.49,2025-09-09
generic_business_jet,LEMD,EDDF,254.47,715.83,27.88,-39.66,24.82,1981.86,1858.97,2025-11-18
generic_heavy_transport,EDDF,EGNM,1481.08,19928.09,22.13,-43.6,5.38,65005.41,62754.21,2025-03-16
generic_heavy_transport,EGPH,LFPG,282.8,11532.35,12.0,-11.44,31.48,12479.88,12129.03,2026-04-25
generic_light_aircraft,EGSS,EHAM,1147.19,405.88,19.17,-31.63,7.9,1552.5,1608.06,2026-03-09
generic_business_jet,EDDF,LLBG,1247.95,1332.52,8.11,1.4,27.93,8571.09,9138.89,2025-09-06
generic_heavy_transport,EGPF,EGPH,331.12,13715.05,17.07,21.53,26.8,14586.71,14665.19,2025-12-20
generic_transport_aircraft,LLBG,LFPG,1295.52,8576.05,23.66,-11.61,31.64,18969.85,16915.28,2025-06-09
generic_light_aircraft,LEMD,EGPH,820.6,495.03,17.51,32.61,1.89,1062.66,1083.39,2026-01-17
generic_business_jet,LLBG,EGSS,1548.71,513.54,10.98,-34.97,0.21,10838.11,11642.3,2025-02-09
generic_transport_aircraft,EGTK,LLBG,801.84,2758.04,6.72,7.78,18.73,11465.31,11923.34,2026-04-11
generic_light_aircraft,EGNX,EGTK,1216.61,401.82,23.21,28.61,3.22,1576.6,1621.69,2025-02-16
generic_heavy_transport,EGLL,LEBL,1710.13,18913.46,9.53,-4.95,24.14,73513.96,72010.28,2025-10-19
generic_transport_aircraft,EGSS,EGLL,1384.49,6581.65,21.75,32.14,1.87,19801.65,19804.21,2026-04-19
generic_heavy_transport,EGGW,EHAM,878.13,32925.32,10.07,8.88,-0.71,38223.31,38027.55,2025-07-14
generic_transport_aircraft,EGPF,EGGW,760.3,9256.21,12.91,-7.73,15.79,11109.06,10530.75,2026-01-05
generic_business_jet,EGTK,EGLL,248.09,725.42,19.21,-20.04,34.05,1862.98,1865.53,2025-10-11
generic_heavy_transport,EGPF,EGNX,796.07,39270.95,25.68,19.19,32.56,35322.11,35112.45,2025-12-11
generic_business_jet,EGSS,EGNM,1200.75,427.51,9.15,-12.95,18.62,8303.31,8357.51,2026-04-19
generic_business_jet,EGLL,EGSS,394.4,600.4,24.57,-12.66,4.31,2882.07,2716.15,2026-01-28
generic_business_jet,EHAM,EDDF,1430.56,1265.75,14.81,-6.93,19.13,9902.73,10194.55,2025-09-06
generic_light_aircraft,LFPG,EGNX,842.88,148.88,16.77,-26.53,32.7,1152.89,1254.84,2025-09-13
generic_heavy_transport,EDDF,EGTK,716.52,32168.17,9.36,4.76,-1.15,31249.63,31771.79,2026-01-20
generic_transport_aircraft,LFPG,LLBG,862.87,3875.97,16.95,-4.62,16.7,12517.76,14834.08,2025-08-09
generic_transport_aircraft,EGSS,EGNM,1541.79,5589.4,6.79,-30.85,21.38,22432.86,21000.35,2026-03-29
generic_transport_aircraft,LEMD,EGLL,281.03,8730.82,16.72,-36.25,22.0,4276.07,4084.58,2025-09-01
generic_transport_aircraft,LFPG,EGLL,731.88,6188.95,27.36,4.36,9.11,10742.29,9983.41,2025-06-14
generic_transport_aircraft,EGTK,EGSS,269.99,4713.72,23.81,1.72,25.61,4104.36,3948.28,2025-07-02
generic_light_aircraft,EGPF,EGPH,473.62,193.85,12.87,-38.2,22.52,655.63,630.65,2025-02-28
generic_light_aircraft,EGPH,EGLL,617.34,284.36,24.99,0.44,31.06,845.8,838.32,2025-06-12
generic_business_jet,EGPF,EDDF,1049.81,1512.49,8.2,9.01,8.44,7182.12,7788.36,2026-01-27
generic_light_aircraft,EDDF,EGPH,570.66,487.77,10.44,5.84,33.96,767.34,840.55,2025-05-16
generic_heavy_transport,EGTK,EGPH,750.56,14035.44,22.34,-37.64,28.77,33112.33,34730.16,2025-06-22
generic_transport_aircraft,EGNX,EGSS,977.02,5411.72,13.64,-38.87,27.95,14359.28,13692.66,2025-06-10
generic_business_jet,EGGW,EGNM,1141.81,979.84,22.8,-30.55,-4.26,8083.65,8072.71,2026-03-18
generic_transport_aircraft,EGLL,EDDF,1204.71,9974.94,26.64,-23.57,20.52,17800.44,18493.95,2026-04-24
generic_transport_aircraft,EHAM,LEBL,961.58,4689.16,9.25,-32.96,22.41,14037.78,12628.91,2025-08-11
generic_heavy_transport,EGPF,EGPH,1644.05,30357.1,24.61,-23.65,6.48,72352.12,75582.57,2025-05-03
generic_light_aircraft,EGSS,EGGW,476.0,430.89,16.21,-0.21,12.45,639.18,684.52,2025-01-19
generic_business_jet,EGGW,EGLL,96.14,1484.5,12.11,-0.94,20.77,747.96,811.52,2025-01-29
generic_business_jet,LLBG,EGSS,567.95,395.37,27.01,26.74,21.87,4004.45,4096.94,2025-07-23
generic_transport_aircraft,LLBG,LEMD,459.25,7066.19,17.01,-35.35,21.57,6862.24,6291.71,2025-09-12
generic_transport_aircraft,EGSS,EGNX,1401.95,4104.22,24.31,13.98,27.23,20163.84,19236.45,2026-04-24
generic_light_aircraft,EGPF,EGGW,352.4,487.97,15.67,-24.66,18.58,489.16,463.13,2025-06-12
generic_transport_aircraft,LFPG,EGPF,477.34,3693.94,23.25,-33.41,14.01,7143.45,7166.5,2025-06-07
generic_heavy_transport,EGTK,LEMD,1108.2,38658.92,20.57,30.27,22.63,48429.01,48905.0,2025-06-08
generic_business_jet,EDDF,LEBL,1470.5,483.08,25.07,23.61,10.54,10050.98,9653.85,2025-07-21
generic_light_aircraft,EGNX,EGPH,1488.85,194.18,10.63,26.22,31.64,1923.69,1776.05,2025-07-28
generic_business_jet,LEBL,EGTK,185.57,1469.19,16.82,13.96,32.06,1390.04,1274.48,2025-08-05
generic_transport_aircraft,LLBG,EGSS,1270.84,6322.85,13.74,3.17,27.54,18337.89,21186.97,2025-11-25
generic_transport_aircraft,EDDF,EGLL,1433.24,2065.06,14.81,5.26,7.55,20517.03,19280.64,2025-03-22
generic_transport_aircraft,EGGW,EHAM,1392.15,7965.58,8.86,2.52,11.41,20068.98,21192.09,2025-03-10
generic_transport_aircraft,EGNX,EGLL,1495.98,9694.58,10.37,-11.84,2.28,21757.44,21270.2,2026-03-04
generic_light_aircraft,EHAM,EGGW,85.31,323.41,19.46,-26.7,-1.44,136.65,130.96,2025-01-26
generic_business_jet,EGPF,EDDF,501.58,433.59,14.09,30.78,-0.31,3453.49,3488.11,2025-08-11
generic_transport_aircraft,LEBL,EGNM,912.23,3081.57,10.47,30.68,27.54,12959.5,12839.49,2025-08-09
generic_transport_aircraft,LLBG,EGGW,1791.59,3754.12,20.9,-11.53,11.34,25914.77,28263.72,2025-05-29
generic_transport_aircraft,EGNX,EGGW,1637.36,4750.83,21.05,-8.35,-4.59,23706.42,24478.08,2025-12-18
generic_business_jet,EGGW,LEBL,787.88,1195.79,7.61,-0.44,-2.92,5426.9,5622.77,2025-08-30
generic_heavy_transport,EGPH,EDDF,1742.45,28929.28,22.46,-41.36,5.15,76893.61,74271.44,2025-07-09
generic_light_aircraft,EGLL,EHAM,359.8,167.95,16.84,-17.87,13.72,494.62,478.85,2025-12-30
generic_light_aircraft,LFPG,EGPF,250.06,117.66,8.81,24.73,28.39,340.3,339.71,2026-03-25
generic_transport_aircraft,EGNX,EDDF,1671.39,6445.19,15.59,-31.8,24.47,24442.3,21372.98,2025-03-19
generic_transport_aircraft,LFPG,LEMD,817.18,2672.58,7.2,-30.35,13.81,11870.65,12249.27,2026-04-04
generic_business_jet,EGNM,EGTK,1780.38,1141.28,16.07,-36.0,23.79,12514.13,13175.26,2025-06-28
generic_heavy_transport,EGSS,EGNX,362.05,11731.8,17.19,-23.18,30.64,16099.19,15092.95,2025-09-27
generic_light_aircraft,LEBL,EHAM,1660.33,198.46,16.96,-37.46,8.15,2242.28,2158.59,2025-12-15
generic_business_jet,EGSS,EGNM,1675.66,459.1,13.12,-42.69,13.41,11785.81,11591.17,2025-05-18
generic_light_aircraft,EHAM,LEMD,1746.95,362.47,26.92,-19.01,24.26,2346.48,2204.1,2026-02-13
generic_business_jet,EHAM,EGLL,130.44,1265.47,13.11,-40.56,-2.17,1004.84,1056.55,2025-04-02
generic_heavy_transport,EGGW,LLBG,201.53,39093.83,9.58,17.36,6.4,9049.94,8904.74,2025-12-01
generic_business_jet,EGLL,EGSS,1450.93,1403.83,26.28,27.3,19.14,9928.92,9773.58,2025-04-13
generic_heavy_transport,EGNM,LFPG,881.15,27522.28,15.31,15.52,27.44,38284.19,39017.16,2025-08-11
generic_light_aircraft,EDDF,EGPF,945.91,489.31,20.88,6.81,23.55,1256.99,1333.72,2025-02-12
generic_business_jet,EGNX,LFPG,1637.15,1016.42,9.27,-34.78,31.12,11463.28,11137.6,2025-09-25
generic_transport_aircraft,EGPF,EGNX,1012.0,11048.97,17.3,-4.15,11.52,14803.28,13535.52,2025-07-01
generic_light_aircraft,EGNX,EDDF,928.55,145.57,20.55,-30.64,2.29,1260.76,1285.14,2025-02-12
generic_business_jet,EGPF,LEBL,1075.55,982.5,20.75,4.9,5.6,7456.81,8269.28,2025-04-05
generic_heavy_transport,EGSS,LEBL,500.1,31936.35,15.54,-43.57,10.8,22460.28,27331.42,2025-09-02
generic_business_jet,EGNM,LEBL,1199.29,1416.37,21.97,-20.78,27.53,8446.85,7918.2,2025-12-12
generic_business_jet,EGPF,LLBG,264.53,320.81,8.46,-43.73,33.82,1922.26,1813.83,2025-04-18
generic_light_aircraft,EGNM,LEMD,469.32,436.84,24.88,-1.91,-1.56,641.7,644.17,2025-03-01
generic_transport_aircraft,EGLL,EGGW,826.44,6078.04,6.43,-9.04,4.71,11950.1,11580.73,2026-03-01
generic_light_aircraft,LLBG,EGPF,58.82,352.16,21.69,33.36,28.94,111.77,111.1,2025-05-29
generic_business_jet,EGTK,LFPG,945.94,1386.92,26.58,27.41,29.71,6550.17,6066.84,2025-02-01
generic_business_jet,LFPG,EGTK,599.32,395.27,25.64,-11.63,13.93,4291.18,3733.34,2025-12-24
generic_light_aircraft,EGPF,EGTK,1319.5,287.7,15.64,-4.39,18.51,1744.23,1751.65,2026-04-17
generic_transport_aircraft,EHAM,LEBL,275.18,3874.03,21.65,31.78,28.32,4104.67,3933.85,2026-02-14
generic_transport_aircraft,LLBG,EGLL,540.71,9116.42,20.68,-34.67,2.98,8100.87,7458.23,2025-02-21
generic_heavy_transport,LEBL,EGPF,911.49,14388.76,18.25,34.94,9.35,38973.74,38755.08,2026-03-17
generic_transport_aircraft,LFPG,EGTK,637.72,1810.65,10.99,-0.04,14.45,9189.97,9948.03,2026-02-06
generic_light_aircraft,EGPH,LLBG,1585.39,207.0,9.33,10.21,15.62,2057.81,1971.95,2025-08-13
generic_heavy_transport,LEBL,EGNM,1371.37,43986.39,23.2,3.77,29.34,60640.52,56072.91,2025-10-15
generic_light_aircraft,EGTK,EHAM,1150.52,448.35,26.04,-32.44,6.68,1566.31,1470.84,2025-02-20
generic_business_jet,EGLL,LEMD,1482.63,484.48,10.44,32.57,25.77,9982.55,8919.03,2025-06-24
generic_light_aircraft,EGNX,EHAM,511.86,386.08,15.13,5.36,4.82,681.62,682.55,2025-03-12
generic_business_jet,LEBL,EGPF,763.34,988.13,24.75,18.57,9.47,5322.78,5814.93,2026-01-30
generic_transport_aircraft,EGTK,LEBL,1701.09,1474.95,12.93,33.56,1.57,23994.98,26057.92,2025-11-25
generic_light_aircraft,EGLL,EDDF,1153.47,385.35,20.53,-3.42,6.83,1529.87,1583.35,2025-12-15
generic_heavy_transport,LEMD,LFPG,1311.32,17547.81,13.57,21.16,31.01,56049.28,54713.32,2025-11-26
generic_transport_aircraft,EGGW,EHAM,1129.92,5584.65,13.6,19.95,20.95,16182.85,15862.11,2026-03-28
generic_light_aircraft,EGNX,EGSS,632.04,390.04,22.28,-34.92,34.68,887.18,882.62,2025-09-24
generic_transport_aircraft,EGPH,LLBG,86.11,10738.67,17.88,-24.3,28.29,1444.08,1478.35,2025-08-05
generic_transport_aircraft,LFPG,EGSS,1521.98,3487.2,17.16,-35.09,25.26,22223.9,23468.32,2025-01-03
generic_heavy_transport,EGNM,EGPH,1458.46,44560.0,18.44,26.55,20.11,63832.24,62451.86,2025-11-01
generic_business_jet,EGGW,EGPF,1215.45,1522.62,18.6,-33.8,10.11,8589.23,8571.77,2025-04-09
generic_business_jet,LLBG,LEBL,216.97,1367.46,24.23,-38.44,-2.51,1687.33,1643.7,2025-09-01
generic_light_aircraft,EGGW,LFPG,1232.82,261.1,18.3,17.31,29.88,1616.48,1507.34,2025-12-19
generic_heavy_transport,EGNM,LEBL,1490.79,10773.85,8.8,11.89,0.18,63283.19,60781.39,2026-03-18
generic_transport_aircraft,LFPG,EGSS,844.28,874.98,9.45,-0.28,31.87,12113.75,13070.56,2025-07-09
generic_light_aircraft,EHAM,EGNX,314.05,248.59,27.8,-20.74,14.44,448.45,481.2,2025-03-14
generic_business_jet,LEBL,EHAM,1689.12,757.75,12.24,-30.35,24.59,11804.79,12622.41,2025-01-23
generic_transport_aircraft,EGPF,LFPG,1037.92,10853.3,23.19,-6.98,23.8,15257.38,15271.23,2026-01-26
generic_transport_aircraft,EGLL,EHAM,1381.75,8173.04,9.28,13.23,-1.43,19841.05,18760.82,2026-04-06
generic_transport_aircraft,EGPF,EGPH,1726.43,10735.5,22.19,6.67,29.64,25069.0,23708.07,2025-10-20
generic_transport_aircraft,EDDF,LLBG,587.03,7919.34,20.17,-38.19,33.21,8784.16,7998.71,2025-09-25
generic_transport_aircraft,EGGW,LLBG,1619.0,1883.26,26.6,-30.62,-4.24,23617.19,23048.96,2025-05-06
generic_transport_aircraft,LLBG,LEMD,1062.12,1473.45,17.74,-19.37,18.56,15418.53,13444.99,2025-04-03
generic_heavy_transport,EGPF,EGTK,602.01,15287.11,8.52,-37.05,1.73,26244.54,26424.69,2025-05-11
generic_light_aircraft,LEBL,EGSS,1716.05,371.44,7.3,31.89,2.26,2187.44,2164.31,2025-03-14
generic_business_jet,EGPF,EGPH,1697.47,1649.25,7.14,-25.83,18.88,11811.89,11279.82,2025-09-18
generic_business_jet,LEBL,LFPG,246.97,390.95,16.23,-12.43,14.37,1809.84,1749.14,2025-05-18
generic_transport_aircraft,LFPG,EDDF,477.28,6879.14,23.27,-20.63,11.27,7138.22,7295.52,2025-11-22
generic_transport_aircraft,LFPG,EGGW,294.85,6715.06,9.7,-25.39,33.1,4384.91,4112.83,2026-03-01
generic_transport_aircraft,EHAM,EGNX,338.75,1192.01,26.28,-23.14,5.04,5128.62,5042.29,2025-06-29
generic_business_jet,LLBG,EDDF,1520.4,721.97,9.55,-2.27,-2.2,10436.68,11187.97,2026-01-07
generic_heavy_transport,LFPG,EGNX,415.04,25192.81,23.65,25.71,32.82,18521.52,19364.3,2026-01-21
generic_business_jet,LEMD,EGNM,1207.3,782.46,10.63,31.72,8.14,8146.22,8352.11,2025-11-08
generic_heavy_transport,EGNM,EGTK,1225.6,21526.52,25.7,11.26,25.5,53192.22,52385.95,2026-02-08
generic_light_aircraft,EDDF,LEMD,99.31,432.83,20.78,8.78,9.12,153.34,159.41,2025-04-01
generic_transport_aircraft,LLBG,LEBL,1771.56,1934.78,14.15,-29.56,-4.63,25683.86,23239.08,2026-01-24
generic_heavy_transport,EGNX,LEMD,672.98,8598.66,19.5,-20.75,23.71,29369.66,29555.8,2025-05-24
generic_transport_aircraft,EGNM,LEBL,411.95,2755.0,24.06,-13.31,29.8,6158.86,6552.21,2025-09-10
generic_light_aircraft,EGLL,EHAM,1341.62,368.87,19.27,-30.96,18.53,1813.56,1812.24,2026-03-15
generic_transport_aircraft,EGGW,EHAM,526.45,10248.17,6.51,32.58,22.11,7556.67,7339.73,2025-12-15
generic_light_aircraft,LFPG,EGNM,794.59,369.24,20.3,23.31,7.92,1039.98,1072.64,2025-09-23
generic_business_jet,EGNM,LFPG,1377.08,1625.7,10.94,-22.77,11.8,9599.67,9152.09,2025-01-03
generic_business_jet,EGPF,EGGW,1589.57,1511.51,27.79,-26.95,22.58,11220.21,12548.86,2025-06-18
generic_transport_aircraft,EGNX,EGSS,214.75,6019.61,23.78,2.4,20.05,3315.38,3208.71,2025-05-09
generic_transport_aircraft,EGGW,EGSS,1727.7,10073.95,24.08,-3.43,4.47,25175.09,26856.15,2025-02-18
generic_transport_aircraft,EDDF,EGNM,195.11,1197.9,6.73,-19.94,28.91,2877.32,2972.06,2025-03-07
generic_business_jet,EGTK,LLBG,574.08,1239.28,7.45,9.21,17.37,3948.1,3888.82,2026-01-21
generic_heavy_transport,EGPF,EGGW,1427.02,29960.33,15.98,-7.86,12.12,62275.64,65500.13,2025-02-21
generic_heavy_transport,EGPH,LEMD,1419.04,23163.07,13.22,-29.6,-0.89,61899.53,60847.25,2025-04-10
generic_transport_aircraft,EHAM,EGLL,494.78,5341.58,21.94,-9.43,4.73,7328.82,7243.95,2025-01-31
generic_transport_aircraft,EGLL,EGPH,945.54,7994.61,13.87,1.69,16.65,13715.76,14233.76,2025-05-30
generic_transport_aircraft,EGPH,EGTK,1199.22,2162.9,11.22,20.53,17.38,17049.81,17886.69,2025-06-26
generic_transport_aircraft,EGGW,EGNX,398.21,1286.64,10.17,-6.94,22.67,5789.77,5311.01,2025-10-17
generic_business_jet,EGPH,EDDF,621.73,457.27,25.27,27.84,14.84,4344.45,4419.08,2025-11-24
generic_business_jet,EGGW,LEBL,1139.98,658.53,22.16,31.21,8.26,7779.63,7761.56,2025-01-04
generic_light_aircraft,EGPH,EGTK,97.68,146.08,12.39,-29.45,18.43,147.53,142.04,2025-01-23
generic_light_aircraft,EGTK,EGNX,350.63,454.15,21.81,-17.81,17.18,490.62,493.06,2026-04-12
generic_transport_aircraft,EGSS,EGTK,285.86,8031.0,25.47,-17.93,3.41,4392.91,4438.28,2025-07-09
generic_transport_aircraft,LEBL,EGPH,1696.74,11736.67,27.95,25.53,30.14,24543.55,25234.81,2026-02-11
generic_transport_aircraft,EGGW,EGNX,1263.59,4156.44,15.45,5.89,31.84,18176.59,18399.57,2025-10-28
generic_business_jet,EGGW,EHAM,305.73,670.76,19.85,-22.59,0.06,2252.41,2088.53,2026-01-08
generic_transport_aircraft,EGSS,LLBG,1209.45,1246.04,17.19,15.1,20.8,17272.71,17207.36,2025-09-13
generic_light_aircraft,LFPG,EGNM,1295.41,310.19,16.63,31.46,13.95,1664.85,1550.92,2025-11-29
generic_business_jet,EGTK,EGNX,401.27,1594.75,14.71,-20.52,30.55,2888.85,2778.24,2026-04-24
generic_business_jet,LLBG,EGPH,193.75,1427.43,12.49,-3.49,4.21,1414.03,1504.13,2025-08-19
generic_business_jet,EGNM,EGPF,1456.91,775.53,14.41,-30.63,4.35,10205.07,10377.01,2025-07-03
generic_transport_aircraft,EGSS,EGPH,944.95,7902.03,23.29,29.13,-1.06,13642.81,13831.75,2025-04-11
generic_business_jet,EDDF,EGPH,1352.85,1452.72,24.6,-29.75,19.16,9568.3,9632.03,2026-03-14
generic_transport_aircraft,LEBL,LEMD,1646.23,598.14,12.59,20.78,26.33,23326.81,22249.71,2025-12-02
generic_transport_aircraft,EGTK,LFPG,1781.18,11442.12,25.04,-26.79,23.93,26264.6,27102.09,2025-04-30
generic_transport_aircraft,LFPG,EDDF,1374.63,8808.87,16.15,18.35,7.52,19784.1,20494.4,2025-04-18
generic_heavy_transport,EGNM,LFPG,97.83,10558.01,25.22,-20.55,24.51,5066.77,5508.66,2025-12-04
generic_business_jet,LLBG,EGPH,780.6,1328.64,14.87,17.29,16.5,5376.93,5347.43,2026-04-18
generic_heavy_transport,EGLL,EGGW,1789.92,27727.64,23.58,28.1,17.96,77186.21,78003.64,2025-07-15
generic_light_aircraft,EGGW,EGNM,723.19,289.91,13.23,31.96,20.56,938.21,927.55,2025-04-01
generic_transport_aircraft,EGTK,LEBL,92.1,2788.49,26.05,-14.13,3.24,1581.54,1631.77,2025-09-26
generic_light_aircraft,EGSS,LFPG,955.02,168.73,24.91,-12.13,1.28,1283.66,1350.85,2025-02-05
generic_light_aircraft,EGPF,EGGW,405.96,272.88,21.61,-7.02,19.15,560.3,584.79,2025-10-28
generic_transport_aircraft,EGGW,EHAM,850.47,2819.58,27.8,-9.34,27.98,12463.1,12054.98,2025-10-19
generic_transport_aircraft,EGNM,LFPG,113.59,1547.68,20.22,28.51,8.87,1799.48,1753.86,2026-02-10
generic_transport_aircraft,EGNX,EGNM,1466.52,2513.95,11.48,27.0,24.33,20786.77,18360.74,2025-10-19
generic_transport_aircraft,EGSS,EGNM,121.63,10683.73,9.47,25.6,16.51,1831.72,1889.73,2025-02-04
generic_transport_aircraft,LEMD,LEBL,426.28,6175.11,27.83,-0.77,34.81,6404.64,6551.91,2025-06-16
generic_light_aircraft,EGPF,LFPG,408.94,117.85,6.59,6.11,22.02,542.84,549.35,2025-06-25
generic_heavy_transport,LEMD,EGPF,741.16,5429.49,8.52,28.37,8.08,31285.7,31269.22,2025-10-08
generic_transport_aircraft,EDDF,EGGW,813.21,5914.06,12.14,-32.09,28.54,11937.33,11181.25,2025-04-01
generic_transport_aircraft,EGNX,EGSS,730.94,1392.23,22.8,9.19,1.14,10588.41,12873.99,2025-09-30
generic_transport_aircraft,EGGW,LFPG,1513.06,9832.39,20.1,12.31,30.88,21899.81,22554.81,2025-06-07
generic_transport_aircraft,EGNM,EGTK,130.41,4840.05,10.44,-25.02,31.35,2002.07,2328.52,2025-06-22
generic_transport_aircraft,LLBG,EGGW,155.87,11525.57,8.13,21.83,21.56,2317.11,2338.9,2025-01-23
generic_light_aircraft,EGPF,EHAM,619.13,324.82,10.17,-28.43,16.67,836.82,858.47,2025-07-02
generic_light_aircraft,EGPH,EGLL,1192.76,104.79,10.68,-27.39,21.32,1601.63,1584.89,2025-11-16
generic_light_aircraft,EGPH,EGTK,428.57,220.61,19.18,33.65,-0.93,566.11,473.51,2025-03-29
generic_transport_aircraft,EGNX,EGSS,1767.38,8507.63,20.91,32.79,22.75,25280.26,24323.59,2025-11-22
generic_business_jet,LEBL,LEMD,1539.48,1023.2,13.37,3.68,18.4,10566.82,9952.33,2025-10-28
generic_business_jet,LEMD,EGTK,1126.69,1645.17,12.79,14.03,25.29,7724.57,8133.98,2025-01-31
generic_transport_aircraft,EGLL,EGPF,399.53,4821.1,20.12,-25.95,24.01,5984.46,6340.02,2025-03-10
generic_transport_aircraft,EGNX,EGPF,1379.67,6490.04,27.51,6.84,6.54,19997.72,24711.55,2025-06-19
generic_business_jet,EGPH,EGGW,139.9,1676.52,27.74,19.12,22.85,1149.94,1172.07,2025-04-04
generic_light_aircraft,EGNM,LEMD,1571.62,127.99,10.23,5.75,0.66,2047.15,2272.34,2025-02-16
generic_transport_aircraft,EGLL,EDDF,1440.63,2850.29,17.16,-10.9,13.68,20809.09,21199.05,2025-11-07
generic_business_jet,EGGW,EGPH,831.72,1253.41,11.98,17.5,-1.8,5698.3,5876.7,2025-07-23
generic_transport_aircraft,EGPF,EGLL,786.83,7508.03,15.54,-32.53,33.15,11620.55,10544.64,2025-02-12
generic_transport_aircraft,LEBL,EGNX,313.16,8856.45,11.66,-7.91,13.14,4636.6,4685.36,2025-11-07
generic_business_jet,EGNM,EGSS,1299.59,593.57,26.15,-44.67,29.47,9280.05,9219.25,2025-08-01
generic_business_jet,EGPF,LEBL,904.16,1261.57,18.94,-12.3,-3.45,6345.13,6009.78,2025-07-17
generic_light_aircraft,EHAM,EGLL,810.7,202.1,26.09,12.78,15.38,1075.82,985.68,2025-11-30
generic_transport_aircraft,EGPF,EGNM,470.33,896.84,23.89,5.48,22.06,6916.61,6958.11,2025-11-27
generic_transport_aircraft,EGLL,EGPH,1702.19,2194.72,11.44,1.27,21.5,24356.18,24708.74,2025-12-31
generic_transport_aircraft,EGPF,EGNM,1754.63,1424.01,26.02,25.08,1.63,24964.3,25545.18,2025-12-21
generic_heavy_transport,EGNX,EHAM,1200.64,20311.54,12.78,-12.07,30.06,52015.8,51843.06,2026-02-02
generic_transport_aircraft,LEBL,EGPH,517.13,2909.54,22.46,10.92,-4.74,7565.62,7387.85,2025-09-09
generic_light_aircraft,EGTK,EGLL,1267.04,309.98,20.4,13.64,1.83,1655.91,1555.64,2025-04-04
generic_transport_aircraft,LFPG,EGSS,1474.22,2634.84,7.3,-30.38,25.37,21365.5,22664.98,2026-04-07
generic_business_jet,LLBG,EGPF,1647.26,463.79,20.0,-38.62,-1.57,11610.55,13633.14,2025-09-02
generic_transport_aircraft,EGNM,LEMD,61.68,3559.93,27.01,8.23,26.57,1156.88,1358.35,2025-09-25
generic_business_jet,LEBL,EGTK,957.73,1743.09,11.85,-6.13,25.28,6652.93,6390.22,2025-06-25
generic_heavy_transport,EGPH,EGGW,1212.21,20137.43,7.26,-16.52,8.21,52374.93,50783.72,2025-08-22
generic_business_jet,LLBG,LEMD,1511.16,1687.56,6.56,-35.17,16.23,10572.45,11497.19,2025-08-20
generic_transport_aircraft,EHAM,LEMD,878.97,5250.96,10.13,33.89,33.3,12515.6,12167.97,2025-01-09
generic_heavy_transport,EDDF,EGPH,1746.64,34432.52,20.91,-26.32,14.38,77019.9,76509.57,2026-04-26
generic_heavy_transport,EGNM,LEMD,1633.63,34371.11,12.46,-29.39,0.73,71854.72,64846.32,2025-10-20
generic_transport_aircraft,LEBL,LEMD,269.4,9663.44,12.63,8.84,16.95,3993.66,4087.75,2025-03-01
generic_transport_aircraft,EGNM,LEMD,472.09,2459.98,26.77,10.99,-0.78,6964.65,6800.12,2025-01-15
generic_heavy_transport,EGLL,EGPF,1389.87,13815.04,11.67,-6.9,30.9,59659.54,60927.78,2026-01-07
generic_transport_aircraft,EGNM,EGSS,629.07,3073.77,18.67,28.91,-2.41,9050.95,9238.81,2026-04-12
generic_transport_aircraft,LEMD,LEBL,714.8,7884.18,18.36,23.49,27.34,10361.2,10407.94,2025-02-15
generic_transport_aircraft,EGPH,LEBL,375.21,11333.09,18.6,-34.81,7.53,5681.73,5834.55,2026-01-13
generic_light_aircraft,EGTK,EGPH,984.98,438.85,27.56,-19.43,9.6,1334.41,1278.13,2025-11-05
generic_light_aircraft,EHAM,EGGW,61.13,440.94,12.95,20.29,6.87,93.87,85.55,2025-12-15
generic_transport_aircraft,EGNM,EGLL,301.0,8151.53,23.63,11.24,18.96,4544.92,4269.56,2026-03-11
generic_transport_aircraft,LEMD,EHAM,1499.35,6192.79,21.49,-14.86,34.25,21849.72,25262.53,2026-02-28
generic_transport_aircraft,LEMD,EGGW,1684.93,3088.32,22.19,28.85,26.04,23974.28,25295.98,2026-02-22
generic_heavy_transport,EDDF,EGLL,1006.64,18496.41,20.91,34.23,25.31,43244.3,40240.73,2025-09-28
generic_business_jet,LEMD,EGNX,1664.98,1351.66,18.06,-37.21,7.94,11731.2,12062.87,2026-04-24
generic_transport_aircraft,LEMD,EGNX,332.28,2081.95,21.31,-21.71,0.79,4989.36,4457.71,2026-01-19
generic_transport_aircraft,EGGW,LEBL,680.71,10345.62,8.24,17.84,29.34,9834.95,8734.82,2025-03-28
generic_business_jet,EGTK,EGLL,876.65,1717.59,8.58,-3.77,8.54,6057.3,6721.75,2025-03-18
generic_business_jet,EDDF,LEBL,104.66,661.28,16.75,10.04,33.18,843.58,817.77,2026-02-12
generic_light_aircraft,EDDF,LEMD,858.75,427.28,14.41,5.59,12.8,1130.33,1261.77,2025-02-12
generic_transport_aircraft,EGSS,LFPG,1639.38,3086.75,18.91,33.99,14.18,23240.25,23042.98,2025-07-16
generic_transport_aircraft,EGNM,LEMD,568.63,1940.22,13.16,12.1,29.49,8199.54,8010.97,2025-07-27
generic_light_aircraft,LLBG,LEMD,1020.89,314.57,23.87,-5.91,15.76,1363.72,1261.5,2025-03-05
generic_business_jet,LEBL,LLBG,1200.81,475.99,24.96,10.62,-4.79,8302.27,7935.7,2025-06-10
generic_light_aircraft,EGSS,EGTK,406.93,164.48,18.37,23.12,-3.6,541.92,577.05,2025-10-06
generic_heavy_transport,EGLL,EGNM,1200.07,14933.48,7.02,30.66,31.18,50827.25,50409.58,2025-10-01
generic_transport_aircraft,EGNM,EGLL,1264.9,6510.66,27.69,-16.83,16.53,18540.45,18656.71,2025-05-02
generic_light_aircraft,EGTK,EGNX,1547.43,186.09,8.95,-0.83,18.67,2027.78,2077.1,2026-01-09
generic_light_aircraft,EHAM,EGPF,492.47,252.71,25.88,-13.0,-1.67,678.16,677.13,2025-10-02
generic_transport_aircraft,EGGW,EGSS,517.8,7780.88,20.2,12.16,17.55,7603.61,8043.66,2025-09-19
generic_business_jet,EHAM,EGLL,314.38,1788.67,15.54,-42.93,19.14,2314.82,2372.87,2025-10-08
generic_business_jet,EGPF,EGSS,201.15,1663.87,23.12,-33.29,26.92,1575.28,1596.2,2025-02-20
generic_business_jet,EGPF,EGGW,229.28,1688.45,9.87,13.27,7.26,1623.39,1668.27,2025-12-25
generic_transport_aircraft,EHAM,EGNX,1111.1,10810.56,9.76,30.72,10.58,15922.69,15007.33,2026-01-15
generic_transport_aircraft,EDDF,LLBG,1088.55,10270.75,16.49,-34.79,-4.62,16084.4,15571.95,2025-07-13
generic_business_jet,EHAM,LEBL,1656.87,1258.79,14.14,17.2,22.13,11289.41,11258.68,2025-08-23
generic_heavy_transport,EGLL,LFPG,1446.31,25089.17,12.07,-10.78,32.67,62778.81,67433.12,2026-03-16
generic_business_jet,EGSS,EGPH,593.85,435.21,7.75,13.4,32.79,4080.02,3800.89,2025-01-30
generic_business_jet,EGSS,LEBL,1676.43,1512.52,6.24,30.87,22.08,11278.76,11584.92,2025-12-17
generic_transport_aircraft,EDDF,LFPG,756.6,7587.3,26.04,14.67,23.57,11064.94,10929.19,2026-01-19
generic_heavy_transport,EGPH,EGGW,1205.36,41818.36,27.98,30.6,22.36,53009.53,56079.03,2026-04-22
generic_heavy_transport,LEBL,LFPG,351.8,19682.04,8.93,-16.74,-2.96,15433.76,15677.37,2025-03-29
generic_business_jet,EGPH,EGSS,1236.76,1547.59,24.72,23.62,6.6,8497.83,10172.81,2025-10-19
generic_heavy_transport,EGPF,EGGW,1675.59,43365.4,17.34,26.47,32.42,73135.67,73469.54,2026-03-11
generic_business_jet,EGNM,EGTK,1125.26,792.83,13.79,-44.59,30.61,7976.66,8136.95,2025-09-09
generic_transport_aircraft,EGGW,EGSS,1621.88,5223.27,26.09,-44.45,25.78,23910.7,25043.57,2025-08-29
generic_business_jet,EGPF,EGPH,796.74,573.27,23.85,-36.3,12.54,5711.67,5811.05,2025-08-11
generic_heavy_transport,EGTK,EGPF,1289.68,9426.63,12.27,-34.31,11.84,55677.32,54137.05,2025-01-17
generic_light_aircraft,EGLL,LEMD,886.16,366.1,11.85,-11.31,17.0,1179.15,1210.77,2026-01-27
generic_transport_aircraft,LEBL,EGPF,1665.85,10195.22,14.55,-36.22,-0.68,24519.31,26411.41,2025-06-26
generic_transport_aircraft,LFPG,EGTK,460.07,8300.57,13.53,33.12,24.5,6664.59,6386.99,2026-01-25
generic_transport_aircraft,EGPF,EGGW,1324.83,2648.89,12.19,-35.8,5.54,19292.71,19644.5,2025-12-08
generic_light_aircraft,LLBG,EGPF,1284.84,423.98,21.43,-4.81,2.25,1704.36,1829.61,2025-04-28
generic_business_jet,EGSS,EGGW,525.63,588.27,9.22,-43.59,2.99,3736.6,3723.74,2025-07-14
generic_business_jet,EGPF,EHAM,1156.46,647.14,13.4,-6.66,15.39,8001.99,7770.12,2025-05-24
generic_business_jet,EGPH,LEBL,606.32,371.33,6.9,-40.83,24.79,4282.67,4125.0,2025-08-30
generic_light_aircraft,EGNX,EDDF,369.39,479.33,14.0,-20.65,-1.12,505.35,540.43,2025-06-19
generic_transport_aircraft,EGPH,LEBL,1348.85,7272.48,19.3,-25.94,6.04,19762.58,19880.63,2025-02-14
generic_transport_aircraft,EGSS,EGGW,1101.22,971.95,27.3,25.72,27.7,15773.04,16103.82,2025-10-07
generic_business_jet,EHAM,EGPH,877.22,1441.48,17.74,-32.71,0.11,6225.27,6573.59,2025-12-31
generic_heavy_transport,EGNX,LLBG,1636.46,44005.05,25.69,-9.12,23.69,72582.81,73849.22,2026-04-22
generic_light_aircraft,LFPG,LLBG,1096.51,378.68,8.84,-41.36,17.65,1485.21,1468.96,2025-12-22
generic_transport_aircraft,EGGW,LEBL,913.77,6623.4,17.3,-39.0,12.51,13489.43,12537.08,2025-11-07
generic_light_aircraft,EGNX,EGGW,325.81,187.12,21.33,25.33,26.63,450.43,448.58,2025-12-29
generic_business_jet,LEMD,LFPG,1541.09,744.55,11.91,-35.47,3.96,10799.9,10317.36,2026-03-29
generic_business_jet,EGNX,EGLL,1432.54,1263.62,11.48,20.87,16.38,9730.76,8372.69,2025-11-20
generic_business_jet,EHAM,EGPH,1705.98,1625.98,11.81,-34.31,30.93,11971.41,11439.12,2025-01-06
generic_business_jet,LLBG,EGPH,1738.97,565.1,27.38,-2.01,34.15,12065.18,13916.21,2026-02-04
generic_transport_aircraft,EHAM,EGSS,1252.64,11375.05,11.66,5.1,19.17,18168.39,18462.05,2025-04-15
generic_transport_aircraft,EHAM,LEMD,1366.34,2289.88,11.1,13.1,9.75,19471.23,20584.72,2025-02-17
generic_transport_aircraft,EGNM,EGLL,1476.37,2525.27,18.53,30.47,2.22,20958.24,20759.59,2026-02-23
generic_transport_aircraft,EGPF,LEMD,166.89,1328.56,11.4,27.73,33.82,2475.76,2590.73,2025-09-27
generic_transport_aircraft,EGLL,LEBL,65.69,1646.89,14.45,-36.2,-4.46,1093.8,1161.9,2026-01-30
generic_light_aircraft,EGSS,EGPH,1146.06,105.4,27.26,31.61,-0.75,1486.85,1319.75,2025-06-23
generic_light_aircraft,LLBG,LEMD,289.35,403.87,25.63,20.24,7.3,401.52,385.16,2025-05-17
generic_light_aircraft,EDDF,LFPG,1492.74,141.13,12.53,-4.08,28.46,1973.3,1984.02,2026-04-13
generic_business_jet,EGGW,EGTK,721.35,829.96,12.31,28.74,22.38,4925.17,4759.13,2025-09-09
generic_business_jet,EGLL,EGSS,1723.6,722.72,7.68,-18.3,9.42,11919.38,10961.76,2025-02-13
generic_light_aircraft,EGTK,EDDF,797.24,233.94,9.99,-10.98,30.72,1070.48,1038.77,2026-03-25
generic_heavy_transport,EGSS,EGPH,1206.34,42315.27,23.84,11.9,-1.95,53239.22,57973.12,2026-02-03
generic_business_jet,EDDF,EGLL,730.5,1382.02,23.28,-6.73,-2.31,5168.83,4533.11,2025-02-16
generic_light_aircraft,EGPH,EGLL,720.71,227.73,15.32,10.47,11.56,948.41,886.33,2025-06-20
generic_heavy_transport,EGLL,LLBG,1662.42,20327.41,18.09,-1.9,14.7,71782.83,69001.17,2026-01-02
generic_transport_aircraft,EGPF,EHAM,1262.09,9105.26,21.47,-26.18,-4.89,18575.98,18409.3,2025-01-09
generic_transport_aircraft,EGPH,EHAM,279.46,1766.8,26.05,-16.13,28.97,4277.36,4300.43,2026-03-04
generic_heavy_transport,LLBG,LFPG,1647.23,14699.9,24.21,-40.53,0.51,71886.08,69755.05,2025-12-27
generic_transport_aircraft,EGLL,EGNM,1266.7,5384.15,7.19,-36.52,18.26,18482.35,17132.05,2025-03-17
generic_light_aircraft,EGPH,EGLL,180.25,327.67,23.9,-33.02,2.3,269.2,272.08,2026-01-19
generic_heavy_transport,LFPG,LEBL,870.17,33902.3,15.77,6.59,-4.47,38139.94,38704.77,2025-11-06
generic_transport_aircraft,LEBL,EGLL,64.07,10075.82,20.96,25.08,17.17,1125.06,1139.07,2026-04-16
generic_business_jet,EHAM,LFPG,443.94,1697.18,11.98,-37.65,10.1,3182.43,3457.49,2025-01-29
generic_light_aircraft,EGGW,EGNM,1354.22,323.72,24.52,20.32,13.74,1764.14,1715.73,2025-11-25
generic_light_aircraft,EGPF,EGNM,1454.86,358.66,10.28,-36.33,-1.89,1958.6,1537.72,2025-03-25
generic_light_aircraft,LFPG,EGSS,1092.93,402.61,12.8,-0.86,20.54,1443.3,1162.85,2025-02-13
generic_light_aircraft,EHAM,EDDF,1776.3,293.52,7.06,-37.54,7.34,2386.43,2603.87,2025-09-14
generic_transport_aircraft,EGGW,EGPF,1318.58,11699.28,21.46,-37.21,11.29,19556.8,19337.84,2025-02-21
generic_transport_aircraft,LFPG,LLBG,86.57,9654.8,16.49,24.5,-3.5,1399.01,1460.7,2025-11-17
generic_business_jet,EGSS,LEBL,423.46,1322.19,9.1,12.48,34.74,2947.53,3155.84,2026-01-09
generic_transport_aircraft,EHAM,LEMD,1393.96,5646.02,8.89,-21.73,19.94,20234.04,20529.85,2025-12-16
generic_business_jet,EGPF,EGGW,1116.23,412.5,9.35,5.22,14.9,7640.83,7596.71,2025-03-15
generic_transport_aircraft,LEBL,EGNX,1745.5,9486.62,7.92,-37.47,7.55,25605.48,26370.55,2025-07-06
generic_light_aircraft,EGPH,EGSS,1292.2,284.3,27.7,33.28,25.53,1679.98,1657.9,2026-04-19
generic_heavy_transport,EGLL,EGSS,901.89,19538.88,12.31,-12.28,19.79,39138.76,38158.23,2025-11-16
generic_light_aircraft,EGPH,EGPF,770.16,280.04,25.3,34.3,-3.29,1006.01,951.94,2025-01-30
generic_business_jet,LEMD,LLBG,1486.27,311.91,24.77,-21.75,1.33,10420.72,10240.8,2025-08-25
generic_business_jet,EDDF,EGSS,867.2,1102.67,24.0,-36.27,2.21,6208.96,6287.59,2026-04-18
generic_business_jet,EGPF,LLBG,749.67,396.71,13.53,3.35,3.51,5189.3,5181.61,2025-10-07
generic_light_aircraft,EGLL,LFPG,419.64,327.28,27.73,16.94,-2.5,572.25,556.77,2026-02-09
generic_business_jet,EGPF,LFPG,416.17,334.41,22.69,-11.17,5.08,3013.86,3054.9,2025-02-11
generic_transport_aircraft,EGNX,LEBL,781.61,2962.21,25.65,-30.27,-2.85,11545.96,11859.89,2025-08-08
generic_business_jet,EGPH,LLBG,393.55,1712.91,16.6,-2.16,26.35,2817.57,2979.75,2025-10-20
generic_transport_aircraft,EGPF,EGTK,1613.58,2783.44,21.9,1.28,0.78,23213.81,22920.32,2026-02-26
generic_transport_aircraft,LEMD,LEBL,1331.64,663.15,25.72,29.71,14.98,18947.68,18199.26,2025-05-15
generic_light_aircraft,LFPG,LEBL,835.73,433.0,8.77,-9.05,33.78,1121.01,1220.9,2025-04-22
generic_business_jet,LEMD,EGGW,1003.38,549.15,14.31,-17.15,33.1,7017.03,6603.01,2025-01-09
generic_transport_aircraft,EGNX,EGPH,1567.92,8542.15,20.28,-8.52,11.42,22828.58,22537.77,2025-10-05
generic_heavy_transport,EGPF,EHAM,634.38,42053.95,16.09,-15.15,17.11,28357.08,29227.65,2025-12-04
generic_business_jet,LEMD,EDDF,542.1,1230.56,26.35,23.56,34.81,3850.13,4043.44,2025-02-23
generic_light_aircraft,EGSS,LEMD,1681.53,141.47,22.5,4.91,16.79,2207.12,2111.15,2025-12-08
generic_business_jet,EGNX,EGNM,1408.42,1127.38,8.52,23.51,33.02,9542.84,9080.87,2026-02-11
generic_heavy_transport,EGNM,EGPF,1176.73,36385.41,14.71,30.17,26.29,51076.37,48861.77,2025-06-07
generic_heavy_transport,LLBG,LEBL,1226.64,5166.3,26.0,-42.39,-3.95,53397.69,53287.62,2026-03-07
generic_transport_aircraft,LLBG,LFPG,1097.9,4353.53,27.1,34.43,4.67,15734.86,16293.2,2026-03-01
generic_heavy_transport,EGTK,LLBG,798.07,42575.67,14.59,13.25,11.12,35172.91,34963.08,2025-03-23
generic_light_aircraft,EGPF,EGGW,1451.06,301.7,19.89,17.74,28.72,1897.23,1840.78,2025-06-15
generic_light_aircraft,EGGW,EGSS,812.67,351.56,19.05,-42.77,23.3,1121.89,1087.52,2025-02-10
generic_light_aircraft,EHAM,EGPF,1333.47,493.37,19.96,17.21,2.46,1737.14,1698.25,2026-03-07
generic_transport_aircraft,EGGW,LEBL,1424.51,9359.5,20.5,-23.0,32.4,20923.66,20256.88,2025-11-23
generic_light_aircraft,EHAM,EGSS,1672.23,149.07,9.12,-24.04,2.23,2226.05,2434.93,2025-04-17
generic_transport_aircraft,EGPF,EGSS,83.53,1346.12,27.1,-38.89,22.49,1485.07,1558.72,2025-06-10
generic_transport_aircraft,EDDF,EGNM,360.56,616.61,9.93,0.38,19.27,5226.52,5995.98,2025-09-05
generic_transport_aircraft,EHAM,EDDF,322.97,9029.51,26.38,-29.57,-3.82,4968.59,6307.51,2026-01-25
generic_heavy_transport,EGLL,EGNX,246.45,13678.31,13.21,-27.42,24.11,11043.26,11488.77,2025-02-17
generic_transport_aircraft,EGPH,LEBL,561.53,9069.74,16.91,-3.99,11.0,8263.23,8130.88,2025-03-30
generic_transport_aircraft,EGGW,LEMD,1304.03,11561.52,8.26,18.45,18.5,18774.9,19129.29,2025-08-10
generic_transport_aircraft,EGNM,EGPF,521.79,4165.61,8.37,-14.36,2.99,7583.64,7827.97,2026-04-05
generic_business_jet,EDDF,EGSS,1605.98,1737.15,11.57,-12.22,19.16,11124.83,12200.1,2025-07-23
generic_light_aircraft,EGTK,EGLL,611.31,416.36,13.87,-39.19,21.28,841.34,762.29,2026-02-04
generic_light_aircraft,EGPH,EGSS,1252.95,386.72,10.7,0.4,7.86,1643.12,1646.76,2025-04-19
generic_light_aircraft,LFPG,EGGW,532.98,343.16,25.43,23.79,-2.01,711.44,725.84,2025-08-04
generic_business_jet,EDDF,LLBG,1472.51,597.23,7.09,-5.49,-3.13,10108.74,10065.92,2025-11-04
generic_business_jet,EGPH,EDDF,1056.61,727.56,20.16,23.49,34.52,7257.18,7455.98,2025-05-26
generic_light_aircraft,EGLL,EGNM,981.23,311.01,13.42,-43.7,13.8,1335.81,1372.4,2025-06-12
generic_business_jet,LEBL,EGPH,1021.57,769.76,19.47,-13.53,22.86,7159.47,6801.92,2026-03-11
generic_transport_aircraft,EDDF,EGSS,1690.67,1681.55,10.93,21.04,0.55,23963.11,26581.08,2025-04-26
generic_light_aircraft,EGLL,EGSS,1628.5,247.55,25.86,34.17,32.36,2107.95,2098.59,2025-05-13
generic_light_aircraft,LEBL,EGTK,1707.24,130.02,13.25,4.02,27.5,2239.33,2229.94,2025-08-24
generic_business_jet,EGSS,EGGW,304.74,1176.2,24.7,26.64,20.48,2227.04,2301.31,2025-09-25
generic_transport_aircraft,LFPG,EGGW,1205.53,11728.02,13.08,13.47,4.03,17448.79,17379.06,2025-10-13
generic_transport_aircraft,LLBG,EGGW,1335.4,2867.75,7.72,32.74,-2.59,18857.87,22741.25,2025-08-28
generic_light_aircraft,LLBG,EGPF,228.46,183.46,18.99,-2.79,29.34,332.06,333.1,2025-03-20
generic_light_aircraft,LLBG,LFPG,273.26,466.68,14.48,-8.81,19.82,379.38,361.38,2025-07-24
generic_business_jet,EGGW,EGSS,333.16,760.72,25.14,6.87,0.89,2440.89,2599.01,2026-04-03
generic_business_jet,EGNM,EGLL,880.8,1096.33,13.74,-35.53,17.01,6228.73,5831.27,2025-04-19
generic_transport_aircraft,EGLL,EGNM,936.41,1111.31,12.0,-37.17,20.94,13652.49,13563.68,2025-07-26
generic_business_jet,EGLL,EDDF,1111.07,1077.93,8.4,-41.01,4.96,7814.81,7367.22,2025-02-28
generic_transport_aircraft,EGTK,EGSS,464.04,6619.51,12.06,25.61,22.98,6709.51,6405.17,2026-02-26
generic_transport_aircraft,LEMD,EGNX,345.16,2841.12,20.01,11.47,6.52,5098.18,6071.98,2025-09-15
generic_transport_aircraft,LEMD,EHAM,580.84,10926.68,11.25,-19.79,-2.22,8562.73,8950.29,2025-01-07
generic_business_jet,EDDF,EGNM,81.55,1761.56,25.39,-31.34,25.41,757.9,741.96,2025-08-31
generic_transport_aircraft,EHAM,EGTK,479.38,1757.94,24.02,0.38,34.62,7079.66,7322.54,2025-03-17
generic_light_aircraft,LEBL,EGSS,1455.83,234.27,16.79,-16.94,16.83,1940.22,1828.25,2025-05-10
generic_light_aircraft,EGPH,LFPG,663.86,384.06,25.61,16.96,29.28,894.93,949.05,2025-12-18
generic_transport_aircraft,LFPG,LEBL,304.57,5218.67,10.85,34.53,9.29,4403.57,5272.43,2026-01-15
generic_business_jet,LEMD,EGPF,1351.36,590.76,27.01,6.1,33.62,9376.8,9933.76,2025-08-19
generic_business_jet,LFPG,EGLL,1236.76,1631.99,14.6,-11.62,34.76,8616.65,8118.45,2025-01-22
generic_transport_aircraft,EHAM,LFPG,1508.97,1914.05,23.5,0.33,26.7,21729.36,26613.84,2025-03-17
generic_light_aircraft,EGNM,LEMD,1741.51,349.52,20.62,-20.71,6.53,2327.2,2377.91,2025-01-08
generic_business_jet,EGNM,EGTK,1493.7,485.15,16.74,-44.59,9.09,10554.3,10647.95,2026-03-26
generic_heavy_transport,EGNX,LLBG,1212.65,35755.42,9.41,-38.12,5.83,53555.35,52741.44,2025-04-11
generic_heavy_transport,EGPF,EDDF,555.36,6285.47,26.52,-25.1,22.14,24586.9,23556.1,2026-04-03
generic_transport_aircraft,EGNX,EGPH,349.14,5511.89,25.27,19.35,0.57,5210.44,5400.02,2025-05-09
generic_transport_aircraft,EGLL,EGNM,573.36,1484.38,18.47,5.27,16.83,8327.66,7662.01,2025-03-12
generic_transport_aircraft,LFPG,EGNM,929.2,8379.38,13.87,-16.66,13.66,13589.66,14662.81,2025-08-25
generic_light_aircraft,EGTK,EHAM,1390.68,135.37,9.09,27.55,26.47,1790.41,1707.11,2026-04-06
generic_light_aircraft,EHAM,EGNX,1528.16,150.37,20.74,-7.98,25.52,2033.03,1980.77,2026-03-06
